age,gender,daily_gaming_hours,game_genre,primary_game,gaming_platform,sleep_hours,sleep_quality,sleep_disruption_frequency,academic_work_performance,grades_gpa,work_productivity_score,mood_state,mood_swing_frequency,withdrawal_symptoms,loss_of_other_interests,continued_despite_problems,eye_strain,back_neck_pain,weight_change_kg,exercise_hours_weekly,social_isolation_score,face_to_face_social_hours_weekly,monthly_game_spending_usd,years_gaming,gaming_addiction_risk_level
0.12761159989267895,1,-1.099673541574243,3,8,3,1.0148612984558762,0,3,4,1.6236017176120112,-1.3692693922069101,5,2,False,False,False,False,False,-0.7777877809383008,0.8614153195097867,-0.8955383898693237,0.8121165930758291,-0.5146255611690704,-1.2709203222388028,1
0.6137510280552668,1,0.5054855278049275,1,2,2,-0.9289184646445092,0,2,5,0.011915906570161323,1.5654782334661979,5,3,True,True,True,False,True,0.20021014731176323,0.0854154177571957,0.5396192862033105,-1.1878421815321887,-0.03873967626436806,0.05405916299764709,3
-0.11545811418861496,0,0.36590647829369544,5,19,2,-0.44297352386941324,0,2,5,-1.1902431819938408,-1.3692693922069101,8,0,True,True,False,True,True,-0.91750177068831,-0.9677273060498914,0.061233394179099114,0.385458721159452,-0.4710517382204397,0.31905506004493706,0
-0.6015975423512028,1,0.22632742878246306,0,1,3,-1.6231255228946473,3,1,0,-0.10697894834276182,-0.11152040977557812,0,0,True,False,False,False,False,-0.7079307860632962,-0.4688702263517977,0.061233394179099114,-0.8411826606001322,-0.6382311436060126,-1.2709203222388028,2
0.12761159989267895,1,-1.4137264029745154,4,6,3,1.2231234159309174,0,3,4,1.702864954220627,-0.5307700705860221,6,1,False,False,False,False,False,-0.91750177068831,2.136272300960472,-1.373924281893535,0.5187893061333199,-0.8485451196927503,-0.4759326310969329,1
0.12761159989267895,1,-1.204357828707667,1,3,2,1.0148612984558762,4,2,1,-0.9260323932984558,0.3077292510348659,3,3,False,False,False,False,False,-0.49835980143828246,1.6928437856732768,-0.8955383898693237,0.6521198911071877,-0.6146872231418332,-0.7409285281442228,1
-0.6015975423512028,1,-1.657989739619172,4,13,3,2.1950132974811107,3,0,4,-0.1201894877775308,-0.11152040977557812,3,0,False,False,False,False,False,-0.9873587655633144,1.748272350084176,-1.373924281893535,1.398771166960848,-0.4903788371089453,0.05405916299764709,1
-0.6015975423512028,1,0.5054855278049275,2,11,2,-1.5537048170696333,2,2,0,-1.8375596142975348,-0.11152040977557812,1,1,True,True,True,True,False,1.2480650704368317,-1.355727256926187,1.018005178227522,-0.8145165436053589,0.2633780195427707,0.05405916299764709,3
-1.0877369705137905,1,-1.6230949772413639,1,2,2,1.8479097683560417,1,2,4,0.6856534177433938,-0.11152040977557812,7,0,False,False,False,False,False,-0.91750177068831,1.748272350084176,-1.373924281893535,0.89211494406015,-0.6763582386860645,-0.4759326310969329,1
-1.5738763986763784,1,-1.099673541574243,6,20,3,1.0148612984558762,1,4,2,0.8309693515258555,-0.11152040977557812,6,3,False,False,False,False,False,-0.8476447758133053,1.360272399207881,-1.373924281893535,1.6654323369085837,-0.5170853737548803,-0.7409285281442228,1
0.37068131397397286,1,-0.36688353164027393,5,19,1,-0.3041321122193856,0,1,0,0.9630747458735482,0.3077292510348659,1,3,False,False,False,True,False,-0.4285028065632779,0.3625582398116924,-0.41715249784511227,-0.361192554694208,-0.6074834862833902,-0.21093673404964292,1
0.12761159989267895,1,-0.12262019499561748,5,9,0,-0.3735528180443991,1,2,4,0.025126446004930886,-1.3692693922069101,7,3,False,False,False,False,True,-0.21893182193826424,0.6951296262770883,-0.41715249784511227,0.35879260416467856,-0.010627532426541797,-1.005924425191513,1
1.0998904562178546,1,0.40080124067150336,4,6,0,-0.0958699947443444,3,2,5,0.011915906570161323,-0.11152040977557812,1,1,True,True,False,True,True,1.2480650704368317,-0.02544171106460258,1.018005178227522,-0.22786196972034015,-0.3247807398142501,0.31905506004493706,0
-0.35852782826990887,1,-1.099673541574243,4,13,0,1.153702710105904,0,4,5,-1.1638221031243026,-0.9500197313964661,6,1,False,False,False,False,False,-0.9873587655633144,-0.13629883988640135,-0.41715249784511227,1.452103400950395,-0.9100404343379952,0.8490468541395171,1
-0.11545811418861496,1,0.7846436268273922,1,3,1,-1.7619669345446745,4,0,0,0.3157583135698543,-1.3692693922069101,0,4,True,True,True,True,False,-0.7777877809383008,0.0854154177571957,1.4963910702517333,0.11879755121171627,0.11921543192441816,0.05405916299764709,3
-0.11545811418861496,1,1.1335912506054726,0,22,0,-0.16529070056935793,3,4,1,-0.5032951313858394,0.7269789118453099,1,3,True,True,False,False,True,0.1303531524367586,-1.189441563693489,1.4963910702517333,-1.4545033514799244,0.13125094350498745,-1.2709203222388028,3
0.37068131397397286,1,0.12164314164903897,5,7,0,-0.9289184646445092,3,0,1,0.5139164050913936,-0.9500197313964661,6,1,False,True,False,True,False,1.3179220653118362,-0.3025845331190993,1.018005178227522,0.385458721159452,-0.7751021439164293,1.644034545281387,2
-1.0877369705137905,0,-0.01793590786219338,3,14,0,-0.3041321122193856,0,4,4,-1.8507701537323038,-0.11152040977557812,1,2,False,True,False,False,True,0.20021014731176323,-0.6351559195844956,-1.373924281893535,0.43879095514899946,-0.454184451917744,-0.4759326310969329,2
-1.5738763986763784,0,0.05185361689342279,5,19,1,0.5289163576807798,1,3,0,0.9894958247430868,-0.11152040977557812,1,1,False,True,False,True,False,-0.91750177068831,0.3071296754007933,0.061233394179099114,-0.7611843096158116,0.18729953028165358,-0.4759326310969329,2
-0.35852782826990887,0,0.9591174387164324,0,17,0,-0.026449288919330263,4,1,0,0.14402130091785403,1.146228572655754,5,3,True,False,False,True,True,0.2700671421867677,-0.6905844839953947,0.5396192862033105,-0.6545198416367173,-0.34129662431897295,0.05405916299764709,0
0.37068131397397286,1,-0.3319887692624657,4,4,3,0.8760198868058486,0,3,4,-0.7675059200812248,-1.7885190530173543,2,3,False,False,False,False,False,0.1303531524367586,-0.41344166194089804,-0.8955383898693237,0.945447178049697,-0.3967302579491866,1.379038648234097,1
0.37068131397397286,1,-0.9600944920630108,4,4,0,2.0561718858310822,1,0,0,1.1744433768298566,1.5654782334661979,6,4,False,False,False,False,False,-0.28878881681326873,0.4734153686334912,-0.41715249784511227,0.7054521250967352,-0.5970292827936986,0.8490468541395171,1
-0.6015975423512028,1,-0.08772543261780924,0,1,2,0.5983370635057933,0,0,1,1.8349703485683195,-0.11152040977557812,1,2,False,False,False,True,True,-0.4285028065632779,0.58427249745529,-0.41715249784511227,-0.22786196972034015,-0.43705361426656864,0.31905506004493706,1
-0.6015975423512028,1,0.7148541020717757,2,11,1,-0.23471140639437146,0,0,5,1.570759559872934,-0.11152040977557812,1,3,False,True,False,True,True,1.1782080755618272,-0.24715596870820014,0.5396192862033105,-1.1611760645374152,-0.42229473875170986,0.5840509570922271,2
0.12761159989267895,1,-1.727779264374788,2,23,1,0.9454405926308622,1,0,4,-0.27871596099476204,1.5654782334661979,2,4,False,False,False,False,False,-0.91750177068831,0.9168438839206858,-0.8955383898693237,2.4120836127622436,-0.6176741384246023,0.05405916299764709,1
-0.35852782826990887,0,-0.506462581151506,5,19,2,0.04297141690568326,0,3,0,-1.1902431819938408,-0.5307700705860221,5,4,False,False,False,True,False,-0.7079307860632962,-0.7460130484062943,-0.41715249784511227,0.6254537741124143,0.1900228942159429,0.5840509570922271,1
-0.11545811418861496,1,-1.7975687891304042,5,7,1,1.0842820042808898,1,4,0,-1.7318752988193806,-0.11152040977557812,6,1,False,False,False,False,False,-1.057215760438319,1.0831295771533842,-1.373924281893535,1.7987629218824517,-0.7390834596242143,0.05405916299764709,1
-0.8446672564324966,1,-0.36688353164027393,4,6,1,0.45949565185576624,3,0,0,0.6592323388738554,-0.11152040977557812,7,2,False,False,False,False,False,0.4796381268117816,1.0831295771533842,-0.8955383898693237,0.1721297852012637,-0.6034423656067027,-0.21093673404964292,1
-0.11545811418861496,1,-0.08772543261780924,2,11,0,0.737178475155821,0,3,5,1.148022297960318,0.3077292510348659,1,1,False,False,False,False,True,-0.8476447758133053,0.3071296754007933,-0.41715249784511227,-0.14786361873601947,0.37231257691434744,0.31905506004493706,1
-0.11545811418861496,1,-0.3319887692624657,0,17,0,-0.0958699947443444,4,2,0,0.6724428783086243,1.146228572655754,0,3,False,False,False,True,False,-0.07921783218825514,0.5288439330443908,0.5396192862033105,0.2787942531803576,-0.7494498126644128,0.31905506004493706,1
-0.6015975423512028,1,0.1565379040268469,1,2,0,-1.1371805821195509,2,2,5,1.9274441246117042,-0.11152040977557812,1,4,True,True,False,False,False,-0.9873587655633144,-0.8014416128171935,0.5396192862033105,0.19879590219603718,-0.10137704675302461,-1.005924425191513,0
0.37068131397397286,0,-0.5413573435293142,4,18,3,-0.23471140639437146,3,1,0,-1.8111385354279963,0.3077292510348659,0,4,False,False,False,True,False,0.06049615756175412,0.8059867550988875,0.061233394179099114,0.1721297852012637,-0.2134742203063568,1.644034545281387,1
-0.11545811418861496,1,-1.169463066329859,3,15,1,1.7784890625310281,0,1,2,1.346180389481857,1.5654782334661979,4,1,False,False,False,False,False,-0.8476447758133053,0.7505581906879883,-0.41715249784511227,1.7720968048876782,-0.5205993917346085,0.8490468541395171,1
-0.11545811418861496,1,0.5054855278049275,6,20,1,-1.0677598762945368,4,1,5,0.23649507696123923,1.5654782334661979,7,1,False,True,False,True,True,1.4576360550618455,-0.9677273060498914,1.018005178227522,-1.3478388835008301,0.1601537413882526,-1.005924425191513,2
-1.0877369705137905,0,-1.3439368782188994,3,14,1,1.8479097683560417,1,2,0,-1.7186647593846114,-0.11152040977557812,1,0,False,False,False,False,False,-0.49835980143828246,0.14084398216809535,-0.8955383898693237,1.2387744649922068,-0.5516106004057105,-0.4759326310969329,1
-0.11545811418861496,1,-0.61114686828493,5,9,1,0.45949565185576624,0,2,2,-1.5072961284283033,-1.3692693922069101,7,3,False,False,False,False,False,-0.91750177068831,1.1939867059751825,0.061233394179099114,0.22546201919081066,-0.6904143106049777,-1.005924425191513,1
-1.0877369705137905,1,0.6450645773161598,1,21,1,-1.345442699594592,3,4,3,0.9234431275692407,-0.11152040977557812,5,4,True,True,True,True,True,-0.4285028065632779,-0.5242987907626968,1.9747769622759448,-0.361192554694208,-0.38522184906557655,-1.2709203222388028,3
-0.11545811418861496,1,-0.6809363930405462,6,20,1,-0.23471140639437146,1,4,0,-0.4108213553424548,0.7269789118453099,6,2,False,False,False,False,False,-0.9873587655633144,0.0854154177571957,-1.373924281893535,0.30546037017513156,-0.8437133449706239,-1.2709203222388028,1
-0.11545811418861496,1,0.6101698149383519,0,17,0,-1.5537048170696333,3,1,1,-0.3579791976033777,-0.9500197313964661,0,3,True,False,True,False,True,1.2480650704368317,0.02998685334629656,1.018005178227522,-0.921181011584453,-0.21075085637206736,-0.4759326310969329,0
-1.5738763986763784,0,-0.7856206801739705,4,18,1,-0.44297352386941324,3,4,4,0.4742847867870855,-0.11152040977557812,3,3,False,False,False,False,False,-0.21893182193826424,0.4734153686334912,-0.8955383898693237,-0.041199150756925075,-0.7712367241387281,-0.7409285281442228,1
1.3429601702991485,0,0.016958854515614862,6,0,2,-0.026449288919330263,0,1,0,0.011915906570161323,-0.11152040977557812,2,0,False,True,False,True,True,-0.7777877809383008,-0.8014416128171935,-0.41715249784511227,-0.7345181926210379,-0.49529846228056484,0.5840509570922271,2
-0.11545811418861496,1,-0.9600944920630108,2,11,3,0.9454405926308622,3,4,1,-1.7582963776889193,0.7269789118453099,6,4,False,False,False,False,False,-0.1490748270632596,0.4734153686334912,-1.373924281893535,1.398771166960848,-0.7194049589377359,0.5840509570922271,1
-1.0877369705137905,0,-0.08772543261780924,5,19,0,-0.23471140639437146,0,2,0,-0.5429267496901474,-0.11152040977557812,2,1,False,False,False,False,False,-0.568216796313287,-0.5242987907626968,-0.41715249784511227,-0.014533033762151596,0.1815892510645951,-1.005924425191513,1
-1.3308066845950846,0,-0.36688353164027393,2,23,3,0.5289163576807798,3,1,1,1.7821281908292426,-0.11152040977557812,0,4,False,False,False,False,False,-0.6380737911882917,-0.41344166194089804,-0.8955383898693237,0.30546037017513156,-0.5738367641274921,-1.2709203222388028,1
0.8568207421365607,1,0.29611695353807926,6,0,0,-0.720656347169468,4,4,5,0.011915906570161323,-0.11152040977557812,0,2,True,False,False,False,False,-0.7079307860632962,0.58427249745529,0.061233394179099114,0.30546037017513156,0.2412397062704827,-1.2709203222388028,2
-0.11545811418861496,1,-0.9251997296852027,5,19,1,1.4313855334059586,1,1,4,-1.494085588993534,-0.9500197313964661,6,3,False,False,False,False,False,-0.1490748270632596,1.5819866568514784,-0.8955383898693237,0.8121165930758291,-0.5698834939002976,-0.4759326310969329,1
-0.11545811418861496,0,-1.9720426010194443,4,13,2,1.0148612984558762,1,4,2,1.148022297960318,-0.5307700705860221,2,3,False,False,False,False,False,-0.9873587655633144,1.6928437856732768,-1.373924281893535,1.6654323369085837,-0.8449432512635288,-0.21093673404964292,1
0.37068131397397286,0,-0.12262019499561748,1,2,3,0.6677577693308074,1,3,0,-0.2919265004295316,-0.9500197313964661,3,4,False,False,False,True,False,-0.1490748270632596,-0.3025845331190993,-0.41715249784511227,0.7587843590862822,0.08170328999081869,-0.21093673404964292,1
-0.35852782826990887,1,-1.5533054524857477,3,15,1,1.6396476508809998,1,4,2,-1.4676645101239956,1.5654782334661979,6,0,False,False,False,False,False,-1.057215760438319,1.3048438347969817,-1.373924281893535,1.318772815976527,-0.506806871164175,-0.21093673404964292,1
0.8568207421365607,1,-0.052830670240001314,6,20,0,0.8065991809808352,1,0,4,0.011915906570161323,1.984727894276642,3,4,False,True,False,False,True,-0.9873587655633144,0.6951296262770883,0.061233394179099114,0.43879095514899946,0.24677428458855472,-0.7409285281442228,2
1.0998904562178546,1,0.3310117159158872,5,9,0,-0.3735528180443991,3,4,0,0.011915906570161323,-1.7885190530173543,1,4,True,False,False,False,True,1.9466350191868773,0.14084398216809535,0.061233394179099114,-0.28119420370988735,0.27225091494158477,0.5840509570922271,2
0.6137510280552668,1,-1.9371478386416365,0,22,1,1.0148612984558762,1,3,4,0.011915906570161323,-0.5307700705860221,4,4,False,False,False,False,False,-1.057215760438319,1.027701012742485,-1.373924281893535,0.9187810610549235,-0.577262931657727,1.114042751186807,1
0.37068131397397286,0,-0.19240971975123367,1,3,0,-0.3041321122193856,1,1,0,-0.582558367994455,-0.5307700705860221,6,4,False,True,False,False,True,-0.568216796313287,0.41798680422259205,-0.41715249784511227,0.5454554231280934,0.3429705267836163,1.114042751186807,2
-0.35852782826990887,0,0.1565379040268469,1,21,1,-1.692546228719661,4,2,1,0.7517061149172399,1.984727894276642,5,4,True,True,False,True,True,0.5494951216867859,0.58427249745529,0.061233394179099114,0.4921231891385464,0.3442882835260144,0.8490468541395171,0
1.3429601702991485,0,-0.4366730563958898,6,20,1,-0.026449288919330263,0,2,5,0.011915906570161323,-0.11152040977557812,5,3,False,False,False,True,False,-0.21893182193826424,1.027701012742485,-0.41715249784511227,0.4921231891385464,-0.3967302579491866,1.114042751186807,1
-0.6015975423512028,1,-0.61114686828493,4,4,3,0.5983370635057933,3,2,1,-1.4808750495587648,-0.11152040977557812,6,0,False,False,False,False,False,-1.057215760438319,0.7505581906879883,-1.373924281893535,0.972113295044471,-0.5261339700526806,-0.21093673404964292,1
0.6137510280552668,0,-0.506462581151506,5,19,2,-0.44297352386941324,1,4,0,0.011915906570161323,1.146228572655754,0,1,False,False,False,True,False,-0.21893182193826424,0.02998685334629656,0.061233394179099114,0.8121165930758291,0.024424796921247754,0.5840509570922271,1
0.37068131397397286,1,0.29611695353807926,2,10,2,-1.2066012879445644,4,4,5,1.346180389481857,-1.3692693922069101,5,0,True,False,False,True,True,-0.35864581168827336,-0.6351559195844956,0.5396192862033105,-0.6278537246419438,0.12299300125262601,-0.4759326310969329,2
-0.11545811418861496,0,0.016958854515614862,4,13,0,0.04297141690568326,4,1,0,1.3065487711775488,-1.3692693922069101,5,3,False,True,False,True,True,1.2480650704368317,-0.13629883988640135,0.5396192862033105,0.5187893061333199,-0.5545096652389864,0.5840509570922271,2
1.0998904562178546,1,-0.471567818773698,2,10,2,0.737178475155821,0,1,0,0.011915906570161323,0.7269789118453099,3,1,False,False,False,False,False,0.06049615756175412,-0.6351559195844956,-0.8955383898693237,0.6254537741124143,0.23754998739176786,1.379038648234097,1
0.6137510280552668,1,-1.2392525910854753,4,6,0,2.125592591656097,0,1,4,0.011915906570161323,-0.11152040977557812,4,4,False,False,False,False,False,-0.7777877809383008,1.0831295771533842,-1.373924281893535,0.945447178049697,-0.8561881087986593,-0.7409285281442228,1
-0.8446672564324966,0,-0.7507259177961624,4,13,2,0.04297141690568326,0,4,4,0.7649166543520095,-0.11152040977557812,0,4,False,False,False,False,False,1.2480650704368317,-0.35801309752999894,-0.8955383898693237,-0.06786526775169856,-0.7584984089622131,-1.2709203222388028,1
-0.11545811418861496,1,-0.40177829401808185,2,11,0,0.8065991809808352,3,4,2,-1.2827169580372257,1.5654782334661979,6,1,False,False,False,False,False,-0.4285028065632779,0.41798680422259205,0.061233394179099114,-0.22786196972034015,-0.17174525679708347,0.5840509570922271,1
-0.35852782826990887,1,-0.9251997296852027,0,17,2,1.5702269450559863,1,2,0,-0.8599796961246094,-0.5307700705860221,4,3,False,False,False,False,False,-0.7777877809383008,-0.13629883988640135,-0.8955383898693237,0.9987794120392444,-0.5733975118800259,-0.7409285281442228,1
-1.0877369705137905,0,-0.1575149573734254,3,14,2,0.737178475155821,3,4,0,-0.05413679060368474,-0.11152040977557812,7,4,False,False,False,True,True,-0.009360837313250513,0.8059867550988875,0.061233394179099114,0.22546201919081066,0.2730415689870237,-1.005924425191513,1
-0.35852782826990887,2,0.7497488644495842,3,14,3,-0.16529070056935793,3,0,0,-1.7847174565584578,1.146228572655754,5,1,True,False,False,False,False,1.038494085811818,-1.6328700789806836,1.4963910702517333,-1.0011793625687737,-0.2014387087257874,0.05405916299764709,2
-1.0877369705137905,0,0.9940122010942404,4,13,1,0.04297141690568326,3,1,5,-0.26550542155999307,-0.11152040977557812,7,2,True,False,True,True,True,1.5274930499368502,-1.7437272078024824,0.5396192862033105,-0.4411909056785287,0.7657068897449284,-1.2709203222388028,3
0.37068131397397286,0,0.36590647829369544,4,13,2,-1.4842841112446195,4,3,5,-0.7146637623421477,-1.7885190530173543,5,0,True,False,False,True,False,0.1303531524367586,-0.24715596870820014,0.061233394179099114,0.0921314342169428,-0.6356834805707097,1.379038648234097,2
-0.11545811418861496,1,0.08674837927123104,5,9,2,0.737178475155821,0,3,0,0.5667585628304707,1.146228572655754,6,1,False,True,False,False,True,-0.009360837313250513,0.3625582398116924,0.5396192862033105,-0.041199150756925075,-0.12474526631821778,0.5840509570922271,2
1.3429601702991485,1,-1.7626740267525958,4,18,2,1.292544121755931,1,4,4,0.011915906570161323,-0.11152040977557812,6,2,False,False,False,False,False,-0.7777877809383008,1.41570096361878,-1.373924281893535,2.0920902088249607,-0.7048217843218636,1.114042751186807,1
0.37068131397397286,1,-1.099673541574243,0,22,1,2.125592591656097,3,3,4,-0.15982110608183892,-0.11152040977557812,6,3,False,False,False,False,False,-0.28878881681326873,0.0854154177571957,-0.8955383898693237,0.22546201919081066,-0.6175862879751091,1.379038648234097,1
-1.5738763986763784,1,0.47059076542711953,2,11,2,-0.6512356413444544,0,1,5,-1.6261909833412265,-0.11152040977557812,0,2,True,True,False,True,False,-0.568216796313287,0.5288439330443908,0.5396192862033105,-0.28119420370988735,0.1632285071205148,-0.7409285281442228,0
-0.8446672564324966,1,-0.01793590786219338,1,3,3,0.6677577693308074,0,2,0,0.7120744966129324,-0.11152040977557812,6,4,False,True,False,True,True,0.20021014731176323,-0.7460130484062943,0.061233394179099114,0.5721215401228673,-0.2945601851885869,-1.2709203222388028,2
-0.6015975423512028,0,-0.08772543261780924,6,20,3,0.5289163576807798,3,3,0,-0.08055786947322328,-0.11152040977557812,6,1,False,True,False,True,False,-0.7777877809383008,0.2517011109898941,0.061233394179099114,-0.7345181926210379,-0.07774527583935195,-0.4759326310969329,2
0.37068131397397286,0,0.6799593396939677,4,4,1,-1.8313876403696885,0,4,3,0.9102325881344712,0.3077292510348659,1,4,False,True,False,True,False,-0.8476447758133053,-0.08087027547550221,0.5396192862033105,-0.6811859586314909,-0.331545224425227,-1.2709203222388028,2
1.3429601702991485,0,-0.08772543261780924,4,6,0,0.25123353438072443,1,0,4,0.011915906570161323,1.984727894276642,4,4,False,True,False,False,False,-0.7079307860632962,-0.9677273060498914,0.5396192862033105,0.19879590219603718,-0.18931534669572486,2.1740263393759673,2
0.12761159989267895,0,-0.4366730563958898,6,20,1,0.25123353438072443,0,0,3,1.3329698500470872,-0.11152040977557812,8,3,False,False,False,True,False,-0.8476447758133053,1.1939867059751825,-0.8955383898693237,-0.014533033762151596,-0.42914707381218004,0.5840509570922271,1
0.37068131397397286,1,-1.5533054524857477,5,19,0,1.0842820042808898,0,3,0,-1.4676645101239956,0.7269789118453099,6,1,False,False,False,False,False,-0.7777877809383008,2.136272300960472,-1.373924281893535,1.7187645708981307,-0.7126404743267589,-0.21093673404964292,1
-0.35852782826990887,1,0.29611695353807926,4,4,1,-0.5818149355194403,3,2,3,1.8481808880030886,-0.5307700705860221,7,0,True,True,False,True,True,-0.7777877809383008,-1.3002986925152877,1.018005178227522,0.30546037017513156,0.08697431696041118,-1.2709203222388028,0
-0.35852782826990887,1,-1.0298840168186267,3,15,1,1.0842820042808898,0,2,0,-0.6221899862987631,1.5654782334661979,7,3,False,False,False,False,False,-0.7079307860632962,1.1939867059751825,-0.8955383898693237,1.7987629218824517,-0.7858198987546005,-1.2709203222388028,1
0.6137510280552668,1,1.4825388743835533,5,7,1,-0.0958699947443444,3,2,5,0.011915906570161323,1.984727894276642,1,3,False,True,True,False,False,1.806921029436868,-1.7991557722133815,0.5396192862033105,-1.0011793625687737,0.8065573487592698,-0.21093673404964292,3
1.5860298843804423,0,0.05185361689342279,4,4,3,0.3900749460307521,4,2,0,0.011915906570161323,1.984727894276642,2,0,False,False,False,True,False,-0.1490748270632596,0.58427249745529,-0.8955383898693237,0.6787860081019612,-0.7388199082757346,-1.005924425191513,1
0.12761159989267895,1,-0.2621992445068495,1,21,3,0.5983370635057933,0,3,3,1.3065487711775488,-0.5307700705860221,6,3,False,False,False,True,False,-0.1490748270632596,-0.6905844839953947,-1.373924281893535,0.945447178049697,-0.6333993688838864,1.379038648234097,1
-0.35852782826990887,1,-0.01793590786219338,5,9,0,-0.16529070056935793,1,0,0,0.9234431275692407,0.7269789118453099,6,3,False,False,False,True,False,-0.6380737911882917,0.6397010618661891,0.5396192862033105,0.06546531722216932,0.04366404536026007,-0.7409285281442228,1
-0.35852782826990887,0,0.3310117159158872,2,10,3,-0.5123942296944268,3,3,4,0.18365291922216215,-1.7885190530173543,5,4,True,True,False,False,True,-0.9873587655633144,-0.9122987416389923,0.061233394179099114,-0.4411909056785287,0.06712011537494635,0.5840509570922271,0
-0.35852782826990887,0,0.6450645773161598,5,9,3,-1.6231255228946473,4,1,5,0.011915906570161323,0.3077292510348659,7,2,True,True,False,True,True,-1.057215760438319,-0.19172740429730098,0.061233394179099114,-1.3478388835008301,-0.6888330025140998,-0.7409285281442228,0
0.12761159989267895,0,-0.471567818773698,0,22,1,0.5983370635057933,0,2,1,-1.903612311471381,-0.11152040977557812,4,3,False,False,False,False,False,1.4576360550618455,-0.4688702263517977,-0.8955383898693237,0.8654488270653765,-0.5010087414976233,-1.2709203222388028,1
-1.5738763986763784,0,-1.134568303952051,1,21,1,1.500806239230973,1,1,2,-1.5205066678630723,-0.11152040977557812,2,0,False,False,False,False,False,-0.7079307860632962,1.360272399207881,-0.41715249784511227,0.2787942531803576,-0.7082479518520985,-0.7409285281442228,1
-0.35852782826990887,0,0.22632742878246306,0,17,2,-1.4148634054196056,3,1,3,0.5799691022652397,0.7269789118453099,0,3,True,False,False,True,True,0.2700671421867677,-0.3025845331190993,0.061233394179099114,-0.7878504266105851,0.19134065095834107,0.8490468541395171,2
-0.35852782826990887,1,-0.5413573435293142,0,12,0,-0.3041321122193856,0,4,2,-0.4108213553424548,-0.5307700705860221,5,0,False,False,False,False,False,-0.91750177068831,-0.08087027547550221,-0.8955383898693237,0.972113295044471,-0.17561067657478457,0.5840509570922271,1
-1.0877369705137905,0,-0.2621992445068495,0,12,3,0.6677577693308074,1,3,1,0.434653168482778,-0.11152040977557812,6,3,False,False,False,True,False,-0.7777877809383008,0.5288439330443908,-0.41715249784511227,0.89211494406015,0.3727518291618136,-0.7409285281442228,1
-1.0877369705137905,1,-0.8903049673073946,6,0,2,0.8065991809808352,0,2,1,1.716075493655396,-0.11152040977557812,5,2,False,False,False,False,False,-0.91750177068831,1.6374152212623776,-1.373924281893535,0.5187893061333199,-0.5694442416528317,-0.21093673404964292,1
-0.11545811418861496,0,1.0638017258498562,4,13,2,0.04297141690568326,4,2,1,0.6063901811347783,0.3077292510348659,8,0,True,False,False,True,True,-0.8476447758133053,0.02998685334629656,1.018005178227522,-1.0811777135530942,0.6345461686515703,-0.21093673404964292,0
0.6137510280552668,1,-1.0298840168186267,4,13,0,1.8479097683560417,0,3,2,0.011915906570161323,1.5654782334661979,6,0,False,False,False,False,False,-0.8476447758133053,1.6928437856732768,-0.41715249784511227,1.0787777630235649,-0.49380500463918037,-0.21093673404964292,1
0.37068131397397286,0,0.7846436268273922,2,23,1,-1.0677598762945368,4,0,3,0.0647580643092384,-0.9500197313964661,5,1,False,True,True,True,False,-0.1490748270632596,-0.7460130484062943,1.018005178227522,-1.1345099475426417,-0.20152655917528065,0.5840509570922271,0
-1.3308066845950846,1,2.3898026962065626,0,1,2,-0.23471140639437146,4,4,1,0.10438968261354652,-0.11152040977557812,2,4,False,True,True,False,True,1.3179220653118362,-1.6328700789806836,2.4531628543001562,-1.8011628724119808,1.051133000148358,-0.7409285281442228,3
-1.3308066845950846,1,-0.1575149573734254,5,19,0,-0.16529070056935793,3,1,1,-1.5865593650369187,-0.11152040977557812,1,0,False,True,False,True,True,1.038494085811818,0.41798680422259205,0.061233394179099114,0.385458721159452,-0.3870667085049339,-1.2709203222388028,2
-1.0877369705137905,2,-1.832463551508212,2,23,1,1.5702269450559863,0,4,4,-1.0185061693418407,-0.11152040977557812,8,4,False,False,False,False,False,-0.7777877809383008,2.136272300960472,-1.373924281893535,2.01209185784064,-0.6136330177479148,-1.2709203222388028,1
-0.35852782826990887,1,-0.471567818773698,4,6,0,0.3900749460307521,3,4,0,0.447863707917547,0.3077292510348659,6,2,False,False,False,True,False,1.038494085811818,-0.02544171106460258,0.061233394179099114,0.5987876571176408,-0.6644105775549883,-1.2709203222388028,1
-0.8446672564324966,1,-0.052830670240001314,1,16,1,0.6677577693308074,3,4,2,1.570759559872934,-0.11152040977557812,0,2,False,True,False,True,True,0.4796381268117816,0.3625582398116924,0.5396192862033105,0.7321182420915087,0.3711705210709358,0.31905506004493706,2
-0.6015975423512028,1,-1.2392525910854753,3,15,2,1.0842820042808898,0,2,4,-1.8771912326018423,-0.11152040977557812,6,1,False,False,False,False,False,-0.4285028065632779,0.4734153686334912,-0.8955383898693237,1.318772815976527,-0.5966778809957258,-1.2709203222388028,1
-1.5738763986763784,0,0.5403802901827357,5,19,2,-0.0958699947443444,3,1,5,-0.7410848412116863,-0.11152040977557812,7,1,True,True,False,True,True,1.5973500448118545,-0.24715596870820014,0.5396192862033105,0.11879755121171627,-0.6996386078017643,-1.005924425191513,0
-0.35852782826990887,1,-0.40177829401808185,4,6,2,0.6677577693308074,3,0,4,-1.863980693167073,1.984727894276642,6,4,False,False,False,True,False,-0.009360837313250513,1.0831295771533842,-0.41715249784511227,1.1054438800183388,0.33945650880388817,0.8490468541395171,1
0.37068131397397286,1,-0.19240971975123367,0,22,0,-0.44297352386941324,3,3,1,-1.0977694059504564,-0.5307700705860221,1,0,False,False,False,False,False,2.0164920140618823,0.7505581906879883,0.5396192862033105,-0.5211892566628493,-0.532283501517205,-1.2709203222388028,1
-0.35852782826990887,0,-0.6460416306627383,2,23,0,0.6677577693308074,4,4,0,1.042337982482164,1.146228572655754,6,1,False,False,False,False,False,-0.009360837313250513,1.4711295280296792,-0.8955383898693237,1.4254372839556215,-0.5026779000379943,0.05405916299764709,1
-0.6015975423512028,0,-0.8903049673073946,4,6,0,0.3900749460307521,0,1,1,-1.03171670877661,-0.11152040977557812,2,2,False,False,False,False,False,-0.568216796313287,-0.5242987907626968,-0.8955383898693237,0.2787942531803576,-0.8054983994410788,-0.7409285281442228,1
-0.11545811418861496,0,0.2612221911602713,5,7,2,-0.5818149355194403,1,2,4,0.7781271937867784,1.984727894276642,1,0,False,False,False,True,True,-0.35864581168827336,-0.02544171106460258,0.061233394179099114,-0.3078603207046608,-0.7302105642254003,1.114042751186807,1
-1.0877369705137905,1,-0.3319887692624657,4,6,3,-0.026449288919330263,0,4,0,-1.9696650086452272,-0.11152040977557812,1,1,False,False,False,True,False,-0.7777877809383008,1.1939867059751825,-0.8955383898693237,-0.2545280867151136,-0.7454965424372184,-0.4759326310969329,1
-1.8169461127576723,1,-0.7507259177961624,0,17,0,-0.44297352386941324,3,0,0,-1.4544539706892263,-0.11152040977557812,1,0,False,False,False,False,False,-0.7777877809383008,-0.3025845331190993,-0.8955383898693237,1.1854422310026593,-0.6831227232970415,-1.2709203222388028,1
1.3429601702991485,1,0.7497488644495842,5,9,2,-0.23471140639437146,3,2,0,0.011915906570161323,-0.5307700705860221,8,1,False,True,True,True,False,2.0164920140618823,0.3625582398116924,0.5396192862033105,-1.107843830547868,-0.4927507992452619,-1.2709203222388028,0
-1.0877369705137905,0,-0.8903049673073946,6,5,1,-0.16529070056935793,4,0,4,1.9538652034812427,-0.11152040977557812,3,0,False,False,False,False,False,-0.6380737911882917,1.5819866568514784,-0.41715249784511227,0.6787860081019612,-0.7418068235585037,-0.4759326310969329,1
0.8568207421365607,1,0.6101698149383519,2,11,0,-0.7900770529944822,1,2,0,0.011915906570161323,-1.3692693922069101,8,3,True,True,False,True,True,-0.4285028065632779,-0.9122987416389923,0.5396192862033105,-0.7078520756262644,-0.6546591776612424,1.379038648234097,0
-0.35852782826990887,1,0.6450645773161598,5,7,0,-1.6231255228946473,3,2,1,-0.5561372891249164,-0.5307700705860221,7,2,True,True,True,True,False,-0.07921783218825514,-1.5774415145697844,1.4963910702517333,-0.3345264376994343,-0.007113514446813592,0.8490468541395171,3
-0.35852782826990887,1,1.0986964882276649,4,6,2,-0.6512356413444544,4,0,1,1.412233086655703,-1.3692693922069101,3,4,True,False,True,True,True,0.8289231011868045,-1.6328700789806836,1.4963910702517333,-0.5211892566628493,0.07063413335467468,-1.005924425191513,3
0.8568207421365607,1,0.36590647829369544,3,8,0,-0.7900770529944822,2,4,5,0.011915906570161323,-1.7885190530173543,7,1,True,True,False,True,True,1.3179220653118362,0.3071296754007933,0.5396192862033105,-0.2545280867151136,-0.18843684220079285,-0.21093673404964292,0
-1.3308066845950846,1,0.29611695353807926,3,14,3,-0.720656347169468,0,1,0,-0.8071375383855326,-0.11152040977557812,1,1,True,False,False,True,True,1.1782080755618272,-0.35801309752999894,0.061233394179099114,0.33212648716990506,-0.21321066895787716,-0.4759326310969329,2
0.12761159989267895,1,0.7148541020717757,4,6,2,-1.4148634054196056,3,2,5,-0.9788745510375328,1.146228572655754,0,2,True,False,False,True,True,-0.49835980143828246,-1.6328700789806836,0.061233394179099114,-0.5745214906523965,-0.4631451977660511,-1.2709203222388028,2
0.37068131397397286,1,-0.61114686828493,1,2,1,-0.3735528180443991,3,2,4,-0.8864007749941479,0.7269789118453099,7,1,False,False,False,False,False,-0.07921783218825514,1.3048438347969817,-0.41715249784511227,0.0921314342169428,-0.7360965443414453,-0.21093673404964292,1
-0.11545811418861496,1,-0.12262019499561748,3,14,2,0.18181282855571093,0,4,4,-1.903612311471381,-0.11152040977557812,6,0,False,True,False,False,True,0.7590661063117998,-0.5242987907626968,0.5396192862033105,-0.28119420370988735,0.05130703446616912,1.114042751186807,2
-0.8446672564324966,2,-1.0298840168186267,3,14,1,1.0148612984558762,0,1,0,0.07796860374400798,-0.11152040977557812,6,2,False,False,False,False,False,-0.009360837313250513,0.3625582398116924,-1.373924281893535,0.4121248381542255,-0.5806012487384689,-1.005924425191513,1
-0.6015975423512028,1,-0.7856206801739705,5,7,2,0.5289163576807798,3,1,1,0.27612669526554673,-0.11152040977557812,6,2,False,False,False,False,False,-0.8476447758133053,1.360272399207881,-0.41715249784511227,0.8654488270653765,-0.7153638382610484,0.05405916299764709,1
-0.35852782826990887,1,-0.29709400688465776,3,14,2,0.45949565185576624,3,3,0,-1.441243431254457,1.146228572655754,5,1,False,False,False,True,False,0.6193521165617906,0.5288439330443908,0.061233394179099114,0.5187893061333199,-0.5745395677234375,-1.2709203222388028,1
-1.0877369705137905,1,-0.471567818773698,3,14,0,-0.3041321122193856,0,1,2,-1.20345372142861,-0.11152040977557812,2,0,False,False,False,True,False,-0.4285028065632779,0.3071296754007933,0.061233394179099114,0.4654570721437729,-0.3096704625014185,-1.005924425191513,1
-1.0877369705137905,0,0.08674837927123104,3,15,3,-0.23471140639437146,0,3,1,1.0819696007864714,-0.11152040977557812,6,2,False,False,False,False,False,-0.9873587655633144,0.7505581906879883,-0.41715249784511227,0.0921314342169428,-0.6244386230355792,0.05405916299764709,1
-0.8446672564324966,1,1.5523283991391692,5,9,1,-1.1371805821195509,2,2,5,-1.9300333903409195,-0.11152040977557812,0,2,False,True,True,False,True,0.20021014731176323,-0.41344166194089804,1.9747769622759448,-1.241174415521736,1.2523105294878023,-1.2709203222388028,3
-0.8446672564324966,1,0.19143266640465514,1,3,1,-0.3041321122193856,2,2,0,-1.7318752988193806,-0.11152040977557812,7,1,False,False,False,True,True,-0.07921783218825514,0.6397010618661891,0.061233394179099114,0.25212813618558416,-0.6245264734850723,-1.2709203222388028,1
-0.11545811418861496,1,0.2612221911602713,0,12,0,-0.720656347169468,2,0,1,1.0159169036126254,-1.3692693922069101,7,4,True,False,False,False,False,-0.28878881681326873,0.58427249745529,0.061233394179099114,-0.3345264376994343,-0.40577885424698695,1.114042751186807,2
-1.0877369705137905,0,-1.3788316405967074,1,3,2,1.361964827580945,0,4,2,-1.4148223523849184,-0.11152040977557812,6,4,False,False,False,False,False,-0.9873587655633144,0.9168438839206858,-1.373924281893535,0.9187810610549235,-0.6456105813634421,0.05405916299764709,1
0.37068131397397286,1,0.9940122010942404,3,15,0,-0.3041321122193856,3,4,5,-1.863980693167073,-1.3692693922069101,2,1,True,False,False,False,True,1.2480650704368317,0.14084398216809535,0.5396192862033105,-1.6145000534485658,0.5582919784914668,1.644034545281387,0
1.0998904562178546,2,-0.506462581151506,5,7,2,0.8760198868058486,1,1,0,0.011915906570161323,-1.7885190530173543,5,1,False,False,False,True,False,-0.6380737911882917,0.2517011109898941,0.061233394179099114,0.385458721159452,0.043224793112794056,0.8490468541395171,1
1.5860298843804423,1,-0.6460416306627383,6,20,3,-0.3041321122193856,4,3,4,0.011915906570161323,-0.11152040977557812,6,0,False,False,False,False,False,0.8987800960618088,0.5288439330443908,-0.8955383898693237,0.0921314342169428,-0.5347433141030148,0.31905506004493706,1
0.37068131397397286,0,0.05185361689342279,3,15,0,-0.16529070056935793,0,4,1,1.9274441246117042,-0.5307700705860221,7,1,False,False,False,True,True,-0.91750177068831,1.1385581415642834,-0.8955383898693237,0.5454554231280934,-0.45822557259443153,0.31905506004493706,1
-0.6015975423512028,1,0.5403802901827357,6,5,2,-0.0958699947443444,3,4,1,0.9234431275692407,-0.11152040977557812,1,0,False,True,True,True,True,-0.8476447758133053,-1.189441563693489,1.4963910702517333,-0.547855373657623,0.04656311019353589,-0.21093673404964292,0
0.12761159989267895,0,0.7846436268273922,5,9,0,-0.026449288919330263,3,2,3,0.8177588120910866,1.5654782334661979,1,3,True,True,False,True,False,-0.6380737911882917,-1.189441563693489,0.5396192862033105,-0.361192554694208,0.20776868501357082,-1.005924425191513,0
-0.6015975423512028,1,0.36590647829369544,6,5,3,-1.2760219937695783,3,2,1,1.9142335851769352,-0.11152040977557812,2,1,True,False,False,True,True,-0.7777877809383008,-1.3002986925152877,1.018005178227522,-0.6545198416367173,0.22489952266474608,0.31905506004493706,2
0.12761159989267895,1,-0.36688353164027393,5,19,2,0.04297141690568326,0,1,4,0.26291615583077776,1.984727894276642,5,1,False,False,False,False,False,-0.28878881681326873,0.19627254657899448,-0.41715249784511227,0.972113295044471,-0.7426853280534359,-0.21093673404964292,1
1.0998904562178546,1,-0.12262019499561748,3,8,1,-0.3041321122193856,0,3,1,0.011915906570161323,-0.9500197313964661,4,3,False,True,False,True,False,-0.7079307860632962,-0.19172740429730098,0.5396192862033105,0.4121248381542255,-0.43960127730187165,1.379038648234097,2
0.12761159989267895,1,0.5054855278049275,1,16,1,-0.0958699947443444,4,2,5,-1.3487696552110722,1.5654782334661979,3,3,True,False,True,True,True,-0.568216796313287,-1.2448701281043881,1.018005178227522,-0.8145165436053589,-0.58446666851617,0.05405916299764709,0
0.6137510280552668,1,-1.2392525910854753,1,3,1,1.7784890625310281,3,0,4,0.011915906570161323,-0.5307700705860221,6,1,False,False,False,False,False,-0.7777877809383008,1.027701012742485,-1.373924281893535,1.6920984539033572,-0.8676965176822694,-0.7409285281442228,1
0.12761159989267895,1,-1.69288450199698,0,22,3,1.8479097683560417,0,3,4,-1.4280328918196878,-0.11152040977557812,6,2,False,False,False,False,False,-0.7079307860632962,1.4711295280296792,-1.373924281893535,1.318772815976527,-0.7919694302191249,0.5840509570922271,1
0.8568207421365607,1,0.016958854515614862,5,7,2,0.1123921227306974,0,2,0,0.011915906570161323,1.984727894276642,1,3,False,True,False,False,False,-0.49835980143828246,-0.24715596870820014,1.018005178227522,-0.7345181926210379,0.26935185010830887,2.1740263393759673,2
1.0998904562178546,1,0.6101698149383519,1,21,2,-0.44297352386941324,0,4,0,0.011915906570161323,0.3077292510348659,0,3,True,False,False,True,False,-0.7079307860632962,0.2517011109898941,0.5396192862033105,-1.1611760645374152,-0.4503190321400429,0.31905506004493706,2
-0.35852782826990887,0,-1.134568303952051,6,5,2,1.5702269450559863,1,0,2,1.0159169036126254,1.984727894276642,0,3,False,False,False,False,False,-1.057215760438319,1.027701012742485,-1.373924281893535,0.5454554231280934,-0.6097675979702136,0.8490468541395171,1
-0.35852782826990887,1,-0.5413573435293142,6,20,3,0.1123921227306974,0,3,1,-0.5561372891249164,0.3077292510348659,6,1,False,False,False,False,False,-0.35864581168827336,0.8614153195097867,-0.41715249784511227,0.35879260416467856,-0.8359825054152217,-1.2709203222388028,1
0.12761159989267895,1,-0.1575149573734254,2,11,2,-0.026449288919330263,1,0,0,1.7424965725249344,-0.5307700705860221,0,1,False,True,False,False,True,0.6193521165617906,0.19627254657899448,-0.41715249784511227,0.4654570721437729,0.15909953599433407,0.5840509570922271,2
0.37068131397397286,0,0.7148541020717757,3,14,2,-1.0677598762945368,3,3,5,-0.3315581187338391,0.3077292510348659,8,3,False,True,False,True,True,0.2700671421867677,-1.5220129501588848,0.5396192862033105,0.0387992002273956,-0.23965365425533253,-0.21093673404964292,2
-0.35852782826990887,0,-1.064778779196435,3,14,1,1.0148612984558762,1,4,2,1.3065487711775488,-1.7885190530173543,3,4,False,False,False,False,False,-0.21893182193826424,1.1939867059751825,-1.373924281893535,0.5454554231280934,-0.7920572806686181,-1.2709203222388028,1
0.37068131397397286,0,0.40080124067150336,6,0,1,-1.9008083461947023,3,1,2,-0.4900845919510704,-0.11152040977557812,0,4,True,False,False,True,True,-0.568216796313287,0.5288439330443908,0.061233394179099114,0.30546037017513156,-0.6470161885553333,1.644034545281387,2
-0.8446672564324966,0,1.6570126862725936,2,10,1,-1.345442699594592,3,2,1,0.9102325881344712,-0.11152040977557812,5,0,True,True,True,True,True,1.387779060186841,-1.7991557722133815,1.018005178227522,-1.7478306384224336,1.122028312889376,-1.005924425191513,3
1.8290995984617362,1,1.6919074486504015,5,19,2,-1.692546228719661,4,4,0,0.011915906570161323,0.7269789118453099,1,0,True,True,True,True,False,0.6193521165617906,-0.8014416128171935,0.5396192862033105,-1.9611595743806225,0.8972190126362592,-0.4759326310969329,3
0.8568207421365607,1,1.5174336367613612,2,11,2,-0.8594977588194956,4,2,5,0.011915906570161323,-0.5307700705860221,1,2,True,True,False,False,True,1.1083510806868226,-2.020870029856979,1.018005178227522,-1.0811777135530942,1.1905516634940776,1.114042751186807,3
-0.35852782826990887,0,0.29611695353807926,6,0,2,-1.1371805821195509,4,3,1,-1.4544539706892263,-0.5307700705860221,7,4,True,False,False,True,False,-1.057215760438319,0.8059867550988875,0.061233394179099114,-0.60118760764717,-0.5232349052194047,0.5840509570922271,2
-1.0877369705137905,0,-1.4486211653523235,5,9,1,1.292544121755931,0,3,2,-1.7054542199498421,-0.11152040977557812,6,0,False,False,False,False,False,-0.9873587655633144,1.6374152212623776,-0.41715249784511227,1.3454389329713006,-0.7176479499478718,-0.21093673404964292,1
0.8568207421365607,1,1.7616969734060173,2,11,1,-1.2066012879445644,4,1,5,0.011915906570161323,1.984727894276642,0,0,True,True,True,True,False,1.387779060186841,-1.0785844348716902,1.9747769622759448,-1.854495106401528,1.2440525872354409,0.5840509570922271,3
0.12761159989267895,1,-0.61114686828493,1,3,2,0.5983370635057933,0,3,1,0.9366536670040098,1.5654782334661979,0,3,False,False,False,False,False,0.1303531524367586,1.1385581415642834,-0.41715249784511227,0.30546037017513156,-0.5263096709516669,0.5840509570922271,1
-0.8446672564324966,1,0.05185361689342279,4,18,1,-0.5123942296944268,3,3,0,1.2933382317427797,-0.11152040977557812,8,1,False,False,False,True,True,-0.8476447758133053,0.3625582398116924,-0.41715249784511227,0.14546366820648976,-0.5589021877136467,-0.21093673404964292,1
-0.6015975423512028,1,-0.6809363930405462,1,21,1,0.25123353438072443,3,1,0,-1.1638221031243026,-0.11152040977557812,6,3,False,False,False,False,False,-0.6380737911882917,0.14084398216809535,-1.373924281893535,0.4921231891385464,-0.8629525934096363,0.31905506004493706,1
-0.11545811418861496,1,-0.7856206801739705,2,10,0,0.3900749460307521,1,1,4,1.2933382317427797,1.5654782334661979,0,2,False,False,False,False,False,-1.057215760438319,0.5288439330443908,-0.8955383898693237,0.35879260416467856,-0.6062535799904853,-1.005924425191513,1
-0.6015975423512028,0,-1.6230949772413639,6,20,1,0.8760198868058486,1,1,0,-1.692243680515073,-0.11152040977557812,5,0,False,False,False,False,False,-0.8476447758133053,2.524272251836767,-1.373924281893535,1.5854339859242628,-0.6432386192271254,0.31905506004493706,1
0.8568207421365607,1,0.9242226763386245,6,5,1,-1.1371805821195509,4,4,4,0.011915906570161323,0.3077292510348659,5,1,True,True,True,True,True,-0.4285028065632779,-1.411155821337086,1.4963910702517333,-1.3478388835008301,-0.3293489631878968,1.379038648234097,3
0.12761159989267895,0,-0.8554102049295865,0,1,2,0.04297141690568326,3,1,5,0.42144262904800844,1.146228572655754,0,1,False,False,False,False,False,-0.7777877809383008,0.58427249745529,-0.41715249784511227,-0.06786526775169856,-0.7079844005036191,1.114042751186807,1
-0.35852782826990887,1,-0.3319887692624657,3,15,2,0.5289163576807798,3,1,4,-0.8864007749941479,1.146228572655754,0,0,False,False,False,True,False,0.20021014731176323,1.027701012742485,-1.373924281893535,-0.38785867168898147,-0.13449666621196374,-1.005924425191513,1
-0.11545811418861496,1,0.1565379040268469,1,16,1,-0.44297352386941324,4,2,3,-0.9920850904723021,-0.11152040977557812,5,1,True,True,False,True,True,0.06049615756175412,0.2517011109898941,1.018005178227522,-0.5745214906523965,-0.42712651347383623,-0.21093673404964292,0
0.8568207421365607,0,0.016958854515614862,6,20,3,0.1123921227306974,0,0,0,0.011915906570161323,-0.5307700705860221,1,3,False,False,False,False,True,-0.568216796313287,0.4734153686334912,-0.8955383898693237,-0.09453138474647227,0.21532382366998648,1.644034545281387,1
-0.6015975423512028,1,-0.8903049673073946,3,8,0,0.25123353438072443,3,0,1,-0.6618216046030706,-0.11152040977557812,7,0,False,False,False,False,False,-0.91750177068831,0.0854154177571957,-0.41715249784511227,0.6521198911071877,-0.8515320349755192,-1.2709203222388028,1
0.12761159989267895,0,-0.052830670240001314,3,15,1,0.6677577693308074,0,0,2,-0.14661056664706934,-0.9500197313964661,5,2,False,False,False,False,False,-0.49835980143828246,-0.4688702263517977,-0.41715249784511227,0.7054521250967352,0.02600610501212554,-0.7409285281442228,1
1.5860298843804423,1,-0.6460416306627383,0,22,2,-0.16529070056935793,0,1,1,0.011915906570161323,-1.3692693922069101,6,3,False,False,False,False,False,-0.21893182193826424,1.027701012742485,-0.41715249784511227,1.318772815976527,-0.8821039913991553,-1.005924425191513,1
-1.0877369705137905,1,0.8893279139608159,5,9,0,-1.4842841112446195,3,4,1,-1.6129804439064572,-0.11152040977557812,2,3,True,False,False,True,True,-0.4285028065632779,-0.02544171106460258,1.4963910702517333,-0.3345264376994343,0.6425405595554523,0.05405916299764709,0
0.37068131397397286,1,-0.2621992445068495,2,23,1,-0.16529070056935793,1,2,1,-1.9168228509061502,-1.7885190530173543,4,3,False,False,False,False,False,-0.8476447758133053,-0.3025845331190993,-0.41715249784511227,0.8654488270653765,-0.5749788199709037,-0.7409285281442228,1
-0.35852782826990887,0,-0.7507259177961624,6,20,3,0.8065991809808352,0,2,0,-0.8864007749941479,-1.7885190530173543,0,0,False,False,False,False,False,-0.7777877809383008,-0.19172740429730098,-0.8955383898693237,0.14546366820648976,-0.5191059340932239,-0.4759326310969329,1
-1.5738763986763784,0,-0.506462581151506,3,8,1,-0.16529070056935793,3,4,4,1.214074995134164,-0.11152040977557812,8,4,False,False,False,True,False,-0.28878881681326873,0.19627254657899448,-0.41715249784511227,0.1721297852012637,-0.15558077409033336,-0.4759326310969329,1
0.12761159989267895,1,-1.204357828707667,2,10,3,1.7090683567060134,1,2,4,1.5443384810033955,-0.9500197313964661,0,4,False,False,False,False,False,-0.6380737911882917,-0.08087027547550221,-1.373924281893535,1.1587761140078858,-0.8162161542792501,1.379038648234097,1
-0.11545811418861496,1,0.36590647829369544,6,5,1,-0.9983391704695234,4,0,3,0.07796860374400798,1.146228572655754,5,4,True,True,False,False,True,-0.6380737911882917,0.58427249745529,0.5396192862033105,-1.0811777135530942,0.1597144891407866,-1.2709203222388028,0
1.5860298843804423,1,-0.7856206801739705,6,20,2,0.8065991809808352,3,0,1,0.011915906570161323,0.3077292510348659,4,1,False,False,False,False,False,-0.9873587655633144,-0.4688702263517977,-1.373924281893535,0.945447178049697,-0.7657899962701493,0.31905506004493706,1
0.8568207421365607,2,2.3549079338287546,4,6,0,-0.16529070056935793,0,3,3,0.011915906570161323,1.984727894276642,5,0,True,False,False,True,False,0.7590661063117998,-1.1340129992825894,1.4963910702517333,-1.6678322874381133,0.7397910071444325,-0.21093673404964292,0
0.12761159989267895,1,-0.36688353164027393,3,8,3,0.6677577693308074,0,0,4,-1.6394015227759957,-1.7885190530173543,5,1,False,False,False,True,False,-0.07921783218825514,1.2494152703860817,0.061233394179099114,-0.12119750174124574,-0.5076853756591071,0.31905506004493706,1
-0.35852782826990887,1,-0.3319887692624657,6,20,1,0.3900749460307521,1,3,4,1.5575490204381652,-1.3692693922069101,7,2,False,False,False,True,False,0.3399241370617723,0.5288439330443908,-0.8955383898693237,0.22546201919081066,-0.3950610994088157,-1.2709203222388028,1
-0.11545811418861496,1,0.016958854515614862,4,18,0,-0.3041321122193856,0,1,4,-0.4372424342119933,-0.9500197313964661,0,1,False,False,False,True,True,-0.9873587655633144,-0.13629883988640135,-0.41715249784511227,0.7854504760810557,0.03610890670384427,-1.2709203222388028,1
-0.35852782826990887,0,-0.6460416306627383,2,11,1,-0.3041321122193856,0,4,0,0.7517061149172399,-0.9500197313964661,6,4,False,False,False,False,False,-0.1490748270632596,-0.35801309752999894,-0.41715249784511227,0.11879755121171627,-0.8134049398954675,-0.21093673404964292,1
-0.8446672564324966,2,0.3310117159158872,4,18,1,-0.23471140639437146,0,4,5,-0.14661056664706934,-0.11152040977557812,1,3,False,False,False,True,True,-0.1490748270632596,-1.189441563693489,-0.41715249784511227,-0.6278537246419438,-0.006410710850867951,-0.21093673404964292,1
-0.8446672564324966,1,-0.5413573435293142,5,19,3,-0.026449288919330263,0,0,0,0.9498642064387792,-0.11152040977557812,6,4,False,False,False,True,False,-0.07921783218825514,0.14084398216809535,-0.41715249784511227,0.385458721159452,-0.7713245745882212,-1.005924425191513,1
-0.11545811418861496,1,-1.0298840168186267,3,8,2,1.0148612984558762,1,2,4,1.4914963232643186,1.5654782334661979,3,2,False,False,False,False,False,-0.07921783218825514,1.360272399207881,-0.41715249784511227,1.2121083479974326,-0.7664049494166016,-1.005924425191513,1
-1.0877369705137905,1,-0.36688353164027393,2,11,2,0.5983370635057933,1,4,0,-1.5469277467326108,-0.11152040977557812,7,4,False,False,False,True,False,0.7590661063117998,0.58427249745529,-0.41715249784511227,-0.12119750174124574,0.21997989749312646,-1.2709203222388028,1
-0.8446672564324966,1,-1.204357828707667,3,8,0,1.9867511800060687,1,3,2,-1.4280328918196878,-0.11152040977557812,2,3,False,False,False,False,False,-0.49835980143828246,1.1939867059751825,-1.373924281893535,1.0521116460287914,-0.5432648077038559,-0.4759326310969329,1
-0.11545811418861496,0,-1.204357828707667,0,22,3,0.9454405926308622,0,3,4,1.1348117585255484,-1.3692693922069101,6,2,False,False,False,False,False,-0.6380737911882917,-0.19172740429730098,-0.8955383898693237,1.6654323369085837,-0.5913190035766401,0.31905506004493706,1
-0.6015975423512028,1,-0.7158311554183545,6,20,2,0.04297141690568326,0,1,2,0.6460217994390858,-0.11152040977557812,1,1,False,False,False,False,False,-0.91750177068831,1.0831295771533842,-0.41715249784511227,0.5987876571176408,-0.6190797456164936,-1.2709203222388028,1
-0.11545811418861496,0,-1.9720426010194443,6,0,1,2.0561718858310822,1,1,4,1.7953387302640114,-0.9500197313964661,5,0,False,False,False,False,False,-0.7777877809383008,1.9145580433168743,-1.373924281893535,1.958759623851093,-0.7277507516395907,1.114042751186807,1
-0.35852782826990887,1,0.3310117159158872,2,11,0,-0.9983391704695234,4,0,1,-0.09376840890799226,-0.5307700705860221,3,2,False,True,False,False,True,-0.9873587655633144,0.8614153195097867,0.5396192862033105,-1.054511596558321,-0.23034150660905256,-0.21093673404964292,2
-0.35852782826990887,0,0.5752750525605437,3,14,1,-1.0677598762945368,0,4,5,0.4874953262218551,0.3077292510348659,2,2,False,False,False,False,False,-0.9873587655633144,-1.2448701281043881,0.061233394179099114,0.1721297852012637,0.2649593276336485,0.05405916299764709,1
-0.11545811418861496,0,-0.9251997296852027,3,15,0,-0.5123942296944268,3,1,0,0.9234431275692407,-0.9500197313964661,7,2,False,False,False,False,False,-0.35864581168827336,1.6928437856732768,-0.8955383898693237,0.22546201919081066,-0.5004816388006641,1.114042751186807,1
-0.35852782826990887,1,0.7148541020717757,0,17,2,0.1123921227306974,3,2,5,-0.06734733003845372,0.7269789118453099,2,4,True,False,True,False,True,-0.4285028065632779,-0.8568701772280927,0.5396192862033105,-0.9745132455740002,-0.7608703710985296,0.05405916299764709,0
1.5860298843804423,1,-0.052830670240001314,3,8,3,-0.026449288919330263,1,2,1,0.011915906570161323,-0.9500197313964661,2,0,False,False,False,True,False,-0.21893182193826424,-0.9122987416389923,0.5396192862033105,-0.7078520756262644,-0.27365177820920367,0.5840509570922271,1
-0.6015975423512028,0,-0.08772543261780924,1,16,1,-0.3735528180443991,0,0,0,-0.19945272438614642,-0.11152040977557812,3,2,False,True,False,True,True,1.1083510806868226,-0.41344166194089804,-0.41715249784511227,-0.4145247886837552,-0.7033283266804791,0.05405916299764709,2
0.6137510280552668,1,-0.3319887692624657,4,6,1,0.1123921227306974,0,4,2,0.011915906570161323,-1.3692693922069101,4,3,False,False,False,True,False,-0.009360837313250513,0.8059867550988875,-0.8955383898693237,0.5187893061333199,-0.011593887370967068,-1.005924425191513,1
0.12761159989267895,1,-0.22730448212904159,2,11,3,-0.3041321122193856,1,3,2,-0.22587380325568496,1.984727894276642,7,2,False,True,False,False,False,1.667207039686859,0.972272448331585,-0.41715249784511227,-0.6278537246419438,0.14249580104011794,1.379038648234097,2
-0.8446672564324966,1,0.47059076542711953,3,14,1,-1.6231255228946473,4,3,1,0.13081076148308504,-0.11152040977557812,1,1,False,False,True,True,False,-0.91750177068831,0.41798680422259205,0.5396192862033105,-0.8411826606001322,0.34999856274307295,-0.4759326310969329,2
-0.11545811418861496,0,-0.1575149573734254,5,9,1,-0.16529070056935793,0,4,0,-0.3579791976033777,-0.9500197313964661,3,0,False,True,False,False,True,-0.8476447758133053,0.972272448331585,0.5396192862033105,0.22546201919081066,-0.39093212828263496,-1.005924425191513,2
0.37068131397397286,0,1.6570126862725936,1,3,3,-0.3735528180443991,4,1,5,1.6103911781772422,1.5654782334661979,5,1,True,True,False,True,True,1.038494085811818,-0.9677273060498914,1.9747769622759448,-2.041157925364943,1.2507292213969246,0.31905506004493706,3
-0.8446672564324966,1,-1.3439368782188994,1,16,1,2.0561718858310822,1,2,4,-1.494085588993534,-0.11152040977557812,7,2,False,False,False,False,False,-0.49835980143828246,0.02998685334629656,0.061233394179099114,1.3454389329713006,-0.6088890934752815,-0.4759326310969329,1
0.8568207421365607,1,-1.9022530762638281,1,21,2,1.7784890625310281,1,2,0,0.011915906570161323,-0.11152040977557812,6,0,False,False,False,False,False,-0.8476447758133053,1.41570096361878,-1.373924281893535,0.89211494406015,-0.8634796961065955,0.31905506004493706,1
-0.11545811418861496,1,0.1565379040268469,2,10,0,-1.345442699594592,4,2,5,0.6592323388738554,-0.9500197313964661,0,4,True,True,False,True,True,-0.9873587655633144,0.6397010618661891,-0.41715249784511227,-0.041199150756925075,-0.4831751002505023,0.8490468541395171,0
-0.35852782826990887,0,1.0986964882276649,1,2,2,-1.9008083461947023,3,4,5,1.3065487711775488,-0.11152040977557812,5,0,True,False,False,True,False,0.5494951216867859,-0.4688702263517977,0.5396192862033105,-0.8145165436053589,0.7962788461685646,-0.7409285281442228,0
-1.5738763986763784,1,-1.7975687891304042,2,23,2,1.0148612984558762,0,2,1,-0.2522948821252235,-0.11152040977557812,7,4,False,False,False,False,False,-0.7777877809383008,1.748272350084176,-1.373924281893535,1.532101751934716,-0.6134573168489283,-1.005924425191513,1
-0.11545811418861496,0,0.9591174387164324,6,5,1,-0.9983391704695234,0,3,5,1.0027063641778557,-1.7885190530173543,0,3,True,False,True,True,True,1.3179220653118362,-0.02544171106460258,0.5396192862033105,-0.7878504266105851,0.22937989558889982,-1.005924425191513,3
-0.11545811418861496,1,0.7148541020717757,1,2,0,-1.7619669345446745,3,1,3,-0.2522948821252235,1.146228572655754,1,3,False,False,True,False,True,1.4576360550618455,-0.6351559195844956,0.5396192862033105,-0.6545198416367173,-0.013175195461844855,-1.005924425191513,2
-0.6015975423512028,1,0.5752750525605437,2,11,1,-1.4148634054196056,4,4,5,1.4914963232643186,-0.11152040977557812,3,1,True,True,True,False,True,-0.07921783218825514,-0.6351559195844956,1.018005178227522,-0.361192554694208,-0.1388891886866241,0.05405916299764709,3
1.0998904562178546,0,-0.7856206801739705,0,17,0,0.3900749460307521,3,0,0,0.011915906570161323,-1.3692693922069101,5,2,False,False,False,False,False,-0.91750177068831,0.6951296262770883,-0.8955383898693237,1.26544058198698,-0.7700068178458231,0.8490468541395171,1
-1.0877369705137905,1,-0.5413573435293142,0,17,2,0.18181282855571093,4,4,1,0.8970220486997021,-0.11152040977557812,7,2,False,False,False,True,False,0.06049615756175412,-0.02544171106460258,-0.41715249784511227,0.33212648716990506,-0.5957993765007937,-0.21093673404964292,1
-0.11545811418861496,1,0.7148541020717757,3,8,3,-0.5123942296944268,3,2,1,-0.4108213553424548,0.3077292510348659,7,4,True,False,True,False,True,1.1083510806868226,-0.19172740429730098,1.018005178227522,-0.3345264376994343,-0.3406816711725206,-0.4759326310969329,0
-0.6015975423512028,0,0.40080124067150336,4,4,1,-0.720656347169468,4,0,2,-0.3315581187338391,-0.11152040977557812,5,1,True,True,False,True,False,0.8987800960618088,-0.3025845331190993,0.5396192862033105,-0.7078520756262644,-0.20627048344791388,0.05405916299764709,0
0.6137510280552668,0,-1.4486211653523235,3,15,0,2.0561718858310822,0,4,2,0.011915906570161323,1.984727894276642,4,0,False,False,False,False,False,-0.7079307860632962,2.0254151721386724,-1.373924281893535,1.6121001029190363,-0.7421582253564766,1.379038648234097,1
-0.35852782826990887,1,-0.22730448212904159,5,7,1,0.25123353438072443,0,3,5,-1.9432439297756887,-1.7885190530173543,5,0,False,True,False,False,False,0.8987800960618088,0.41798680422259205,-0.41715249784511227,0.5454554231280934,0.38557799478782184,0.31905506004493706,2
0.6137510280552668,1,-0.61114686828493,4,18,3,0.3900749460307521,0,2,0,0.011915906570161323,-1.7885190530173543,2,3,False,False,False,False,False,-0.7079307860632962,1.0831295771533842,-0.41715249784511227,0.5454554231280934,-0.7982068121331426,0.5840509570922271,1
-0.11545811418861496,1,0.6101698149383519,1,16,0,-0.720656347169468,1,2,1,-0.7675059200812248,0.3077292510348659,8,1,True,True,False,False,True,1.667207039686859,-0.7460130484062943,0.5396192862033105,0.0921314342169428,-0.13405741396449775,0.05405916299764709,0
-1.8169461127576723,0,-0.3319887692624657,4,18,2,-0.16529070056935793,0,0,0,0.7649166543520095,-0.11152040977557812,6,1,False,False,False,True,False,-0.1490748270632596,1.0831295771533842,-0.41715249784511227,0.30546037017513156,-0.10858078361146765,-0.7409285281442228,1
1.3429601702991485,1,-0.8554102049295865,4,18,3,-0.5123942296944268,0,0,4,0.011915906570161323,-1.7885190530173543,7,0,False,False,False,False,False,0.20021014731176323,-0.41344166194089804,-0.41715249784511227,-0.06786526775169856,-0.7590255116591722,-1.2709203222388028,1
1.3429601702991485,0,0.7148541020717757,4,6,2,-1.1371805821195509,4,2,0,0.011915906570161323,1.5654782334661979,1,0,False,False,False,False,True,-0.91750177068831,0.02998685334629656,0.5396192862033105,0.0921314342169428,0.25494437639142303,2.1740263393759673,1
-0.11545811418861496,1,1.4476441120057453,2,10,1,-1.7619669345446745,4,2,1,-1.3091380369067642,1.5654782334661979,3,4,False,True,False,False,True,-0.9873587655633144,-1.4665843857479857,1.4963910702517333,-0.921181011584453,1.4155366646461807,0.31905506004493706,0
-0.11545811418861496,0,-1.169463066329859,1,21,0,1.5702269450559863,1,1,1,-1.7715069171236886,-0.5307700705860221,4,0,False,False,False,False,False,-0.1490748270632596,-0.24715596870820014,-0.41715249784511227,0.6254537741124143,-0.8066404552844905,0.8490468541395171,1
1.5860298843804423,0,-0.2621992445068495,1,2,2,-0.3041321122193856,1,4,0,0.011915906570161323,0.7269789118453099,2,2,False,False,False,False,False,-0.35864581168827336,1.41570096361878,-0.41715249784511227,0.972113295044471,0.007381809719565614,0.5840509570922271,1
-0.8446672564324966,1,-0.29709400688465776,1,2,1,0.5289163576807798,0,4,0,-0.4504529736467623,-0.11152040977557812,3,1,False,False,False,True,False,0.3399241370617723,-0.4688702263517977,-1.373924281893535,-0.3078603207046608,0.14926028565109487,-0.7409285281442228,1
0.8568207421365607,1,0.5752750525605437,4,6,1,-0.6512356413444544,3,0,1,0.011915906570161323,1.984727894276642,5,0,False,False,False,True,False,-0.91750177068831,-0.9677273060498914,0.5396192862033105,-0.014533033762151596,-0.10146489720251788,-0.21093673404964292,1
0.37068131397397286,0,-0.36688353164027393,5,19,0,0.6677577693308074,1,3,0,0.025126446004930886,-1.3692693922069101,0,2,False,False,False,True,False,-0.7777877809383008,-0.6905844839953947,-0.41715249784511227,0.5721215401228673,-0.7095657085944967,-1.2709203222388028,1
-0.35852782826990887,0,-1.4835159277301317,5,7,1,1.153702710105904,1,4,4,-1.8243490748627655,1.146228572655754,0,1,False,False,False,False,False,-0.7079307860632962,0.2517011109898941,-0.8955383898693237,2.038757974835414,-0.7166815950034465,-1.005924425191513,1
-1.3308066845950846,1,0.9242226763386245,4,13,3,-0.23471140639437146,0,0,1,0.10438968261354652,-0.11152040977557812,2,2,True,True,False,False,True,-0.568216796313287,0.02998685334629656,1.4963910702517333,-0.14786361873601947,-0.19151160793305505,-1.2709203222388028,3
-1.0877369705137905,1,-1.5184106901079397,5,19,1,1.9173304741810553,0,0,4,-0.6750321440378402,-0.11152040977557812,6,2,False,False,False,False,False,-0.7079307860632962,1.748272350084176,-1.373924281893535,1.1054438800183388,-0.6168834843791634,0.05405916299764709,1
1.3429601702991485,0,-1.134568303952051,0,17,3,2.264434003306124,0,0,4,0.011915906570161323,0.3077292510348659,6,0,False,False,False,False,False,-0.49835980143828246,1.5265580924405784,-0.41715249784511227,1.7720968048876782,-0.6271619869698686,2.1740263393759673,1
1.8290995984617362,1,-0.9251997296852027,0,17,2,0.5289163576807798,0,0,0,0.011915906570161323,1.984727894276642,8,3,False,False,False,False,False,-0.568216796313287,0.3625582398116924,-1.373924281893535,0.01213308323262212,-0.9067021172572532,0.31905506004493706,1
-1.0877369705137905,1,1.308065062494513,1,2,3,-1.4148634054196056,1,2,1,1.9406546640464737,-0.11152040977557812,8,1,False,False,True,True,False,0.2700671421867677,-1.355727256926187,0.5396192862033105,-1.1345099475426417,1.333396494370032,-0.4759326310969329,0
-0.8446672564324966,1,0.05185361689342279,1,3,0,-0.5123942296944268,0,3,1,1.504706862699088,-0.11152040977557812,0,3,False,True,False,True,False,0.20021014731176323,0.19627254657899448,1.018005178227522,0.6521198911071877,-0.6302367527021309,-0.7409285281442228,2
-0.35852782826990887,1,0.6450645773161598,3,14,1,-0.23471140639437146,0,4,5,-1.8904017720366117,0.3077292510348659,8,2,True,False,False,True,True,-0.35864581168827336,0.0854154177571957,0.061233394179099114,-1.2678405325165096,-0.757619904467281,0.5840509570922271,2
0.37068131397397286,1,-0.8205154425517786,0,22,0,-0.23471140639437146,1,0,0,-1.0977694059504564,-0.11152040977557812,2,2,False,False,False,False,False,-0.35864581168827336,1.6928437856732768,-0.41715249784511227,0.4654570721437729,-0.6476311417017858,0.5840509570922271,1
-0.11545811418861496,1,-1.3788316405967074,2,10,1,1.6396476508809998,1,1,4,-1.8111385354279963,-0.11152040977557812,4,3,False,False,False,False,False,-0.21893182193826424,1.027701012742485,-0.8955383898693237,1.2921066989817536,-0.9186497783883294,0.5840509570922271,1
-0.8446672564324966,1,-0.8903049673073946,1,16,3,0.25123353438072443,4,3,4,-1.903612311471381,-0.11152040977557812,7,4,False,False,False,False,False,-0.4285028065632779,-0.3025845331190993,-0.41715249784511227,0.6787860081019612,-0.7845021420122024,-0.21093673404964292,1
0.12761159989267895,1,-0.8554102049295865,1,2,3,0.8065991809808352,0,2,2,0.2893372347003163,-0.5307700705860221,3,2,False,False,False,False,False,-0.8476447758133053,-0.4688702263517977,-0.41715249784511227,-0.041199150756925075,-0.5318442492697391,-0.7409285281442228,1
0.12761159989267895,0,-1.4835159277301317,1,21,2,2.0561718858310822,1,3,4,1.82175980913355,-0.9500197313964661,8,1,False,False,False,False,False,-0.9873587655633144,1.5265580924405784,-1.373924281893535,1.8254290388772252,-0.7772105547042661,0.31905506004493706,1
-0.6015975423512028,1,0.19143266640465514,1,3,3,-1.4842841112446195,3,1,5,-1.494085588993534,-0.11152040977557812,8,3,False,False,False,False,False,-0.7079307860632962,0.3071296754007933,0.061233394179099114,-0.60118760764717,0.3777593047829263,-0.21093673404964292,1
-0.35852782826990887,1,-0.7158311554183545,0,17,2,-0.3041321122193856,0,2,1,-0.212663263820916,-0.11152040977557812,5,1,False,False,False,False,False,-0.7777877809383008,0.6397010618661891,-0.8955383898693237,1.0254455290340179,-0.6030909638087298,-0.7409285281442228,1
-0.11545811418861496,1,-0.7856206801739705,3,14,1,0.6677577693308074,1,1,1,1.7953387302640114,1.146228572655754,5,2,False,False,False,False,False,-0.9873587655633144,0.02998685334629656,-0.41715249784511227,1.1854422310026593,-0.551347049057231,-1.005924425191513,1
-0.11545811418861496,1,0.7846436268273922,2,23,1,-0.9983391704695234,0,4,1,-0.6882426834726092,-0.5307700705860221,0,3,True,True,False,True,True,-0.4285028065632779,-1.5774415145697844,0.5396192862033105,-1.241174415521736,-0.7656142953711628,-1.2709203222388028,0
-0.35852782826990887,0,-0.2621992445068495,3,15,0,0.45949565185576624,0,3,0,0.5535480233957012,-0.9500197313964661,5,1,False,False,False,True,False,-0.91750177068831,-0.13629883988640135,-0.41715249784511227,0.9187810610549235,0.34384903127854854,0.31905506004493706,1
-1.8169461127576723,1,0.016958854515614862,2,10,0,-0.026449288919330263,4,0,0,0.1176002220483155,-0.11152040977557812,5,2,False,False,False,True,True,-0.28878881681326873,-0.19172740429730098,0.061233394179099114,0.7321182420915087,-0.2572237441539739,-0.7409285281442228,1
-0.11545811418861496,1,0.5054855278049275,0,1,1,-0.3735528180443991,0,3,5,-1.4148223523849184,0.7269789118453099,2,3,True,False,True,True,False,0.40978113193677695,-0.6905844839953947,1.4963910702517333,-1.054511596558321,-0.4921358460988094,0.31905506004493706,0
0.8568207421365607,0,0.854433151583008,5,7,3,-1.345442699594592,3,1,4,0.011915906570161323,0.7269789118453099,5,0,True,True,False,True,True,0.1303531524367586,-1.0785844348716902,1.4963910702517333,-0.20119585272556642,0.32390697924359046,1.644034545281387,3
0.37068131397397286,0,-0.8205154425517786,5,7,2,-0.23471140639437146,3,1,0,-1.6790331410803037,1.146228572655754,5,2,False,False,False,False,False,-0.009360837313250513,-0.3025845331190993,-0.8955383898693237,1.398771166960848,-0.783535787067777,0.5840509570922271,1
-0.8446672564324966,1,0.016958854515614862,2,11,3,0.45949565185576624,1,1,0,0.8441798909606251,-0.11152040977557812,1,4,False,True,False,False,True,-0.009360837313250513,-0.579727355173596,0.5396192862033105,0.6787860081019612,0.34130136824324536,-0.21093673404964292,2
-0.6015975423512028,1,-0.4366730563958898,6,0,1,0.3900749460307521,3,4,4,1.2272855345689337,-0.11152040977557812,5,2,False,False,False,True,False,-0.8476447758133053,0.4734153686334912,0.061233394179099114,0.7054521250967352,-0.34973026747032093,0.05405916299764709,1
-0.11545811418861496,0,0.29611695353807926,6,20,0,-1.4148634054196056,2,3,5,-1.0449272482113792,-0.11152040977557812,1,1,True,True,False,True,False,-0.7079307860632962,-0.41344166194089804,0.5396192862033105,-0.7345181926210379,-0.05016023469848495,0.5840509570922271,0
-0.35852782826990887,1,-0.01793590786219338,5,9,0,0.5983370635057933,0,4,1,-1.8111385354279963,-1.7885190530173543,3,1,False,True,False,True,False,-0.9873587655633144,1.0831295771533842,-0.41715249784511227,-0.46785702267330215,-0.07879948123327048,-0.4759326310969329,2
0.37068131397397286,1,-0.052830670240001314,0,22,3,0.8760198868058486,3,4,4,0.9498642064387792,-0.11152040977557812,1,1,False,False,False,True,True,0.06049615756175412,0.02998685334629656,0.061233394179099114,-0.17452973573079295,-0.5578479823197283,1.114042751186807,1
-0.35852782826990887,1,0.5752750525605437,2,23,2,-1.5537048170696333,3,2,4,1.2933382317427797,1.984727894276642,8,3,True,False,True,False,False,-0.009360837313250513,-0.8014416128171935,0.061233394179099114,-0.041199150756925075,-0.413421843352896,-1.2709203222388028,0
-0.35852782826990887,1,0.7148541020717757,5,7,1,-0.9289184646445092,2,0,0,1.504706862699088,0.3077292510348659,5,1,True,True,True,True,True,1.1782080755618272,-1.023155870460791,0.5396192862033105,0.0387992002273956,-0.44759566820575347,0.05405916299764709,3
1.0998904562178546,0,0.1565379040268469,4,4,2,-0.3041321122193856,3,2,5,0.011915906570161323,1.5654782334661979,7,3,True,True,False,False,True,0.9686370909368134,-0.3025845331190993,0.061233394179099114,0.4121248381542255,-0.6271619869698686,-1.005924425191513,0
-1.0877369705137905,1,-1.4835159277301317,4,18,0,1.0148612984558762,0,0,4,0.8177588120910866,-0.11152040977557812,6,4,False,False,False,False,False,-0.7777877809383008,0.6951296262770883,-1.373924281893535,1.318772815976527,-0.770797471891262,-0.7409285281442228,1
-0.35852782826990887,0,-0.471567818773698,2,23,3,0.5289163576807798,4,1,4,-0.6618216046030706,-0.9500197313964661,3,1,False,False,False,True,False,0.3399241370617723,0.5288439330443908,0.061233394179099114,-0.17452973573079295,0.059125724471064546,-0.21093673404964292,1
-0.35852782826990887,1,0.3310117159158872,3,8,3,-1.692546228719661,0,3,3,1.6632333359163187,-0.5307700705860221,5,3,True,False,False,True,False,0.20021014731176323,-0.6905844839953947,-0.41715249784511227,-0.28119420370988735,0.10392945371260007,0.05405916299764709,2
-0.35852782826990887,0,-1.3439368782188994,2,11,1,1.7784890625310281,4,3,1,-1.3751907340806107,0.7269789118453099,5,4,False,False,False,False,False,-0.9873587655633144,1.5265580924405784,-1.373924281893535,1.0254455290340179,-0.8043563435976672,0.8490468541395171,1
-0.35852782826990887,1,0.016958854515614862,6,0,1,0.45949565185576624,3,2,1,-0.9920850904723021,-1.7885190530173543,1,3,False,False,False,False,True,0.6193521165617906,0.8059867550988875,-0.41715249784511227,0.4654570721437729,-0.6051993745965669,-0.7409285281442228,1
-1.3308066845950846,0,0.22632742878246306,3,8,3,-0.3041321122193856,1,4,1,0.9894958247430868,-0.11152040977557812,1,1,False,False,False,False,True,0.1303531524367586,-0.19172740429730098,-0.41715249784511227,-0.4145247886837552,0.17930513937777165,-0.21093673404964292,1
-0.6015975423512028,1,-0.8205154425517786,5,9,3,-0.3735528180443991,0,0,4,1.6103911781772422,-0.11152040977557812,1,3,False,False,False,False,False,-0.4285028065632779,1.360272399207881,-0.8955383898693237,1.4254372839556215,-0.8917675408434081,0.5840509570922271,1
0.12761159989267895,1,-0.29709400688465776,4,6,2,0.32065424020573857,4,3,0,-0.37118973703814667,-1.3692693922069101,7,0,False,False,False,True,False,-0.07921783218825514,0.5288439330443908,-0.41715249784511227,0.14546366820648976,-0.822541386642761,1.379038648234097,1
0.6137510280552668,1,1.1335912506054726,0,12,3,-1.5537048170696333,0,2,5,0.011915906570161323,0.3077292510348659,6,3,False,True,True,True,False,1.806921029436868,-0.13629883988640135,1.018005178227522,-1.2145082985269622,1.0963759816373597,-0.4759326310969329,3
-1.8169461127576723,1,1.1335912506054726,4,4,3,-0.3041321122193856,3,4,0,1.504706862699088,-0.11152040977557812,2,4,True,True,False,True,True,-0.49835980143828246,-0.6905844839953947,1.4963910702517333,-1.0811777135530942,0.9196208772570272,-1.2709203222388028,3
-0.11545811418861496,0,-0.3319887692624657,1,21,2,-0.3041321122193856,1,2,1,0.3157583135698543,0.7269789118453099,6,4,False,False,False,False,False,-0.21893182193826424,0.14084398216809535,0.061233394179099114,-0.3078603207046608,-0.5835881640212379,-1.005924425191513,1
-1.0877369705137905,1,0.7497488644495842,5,9,2,-0.23471140639437146,3,1,5,-0.9524534721679943,-0.11152040977557812,3,1,True,True,True,True,True,1.1083510806868226,-0.02544171106460258,-0.41715249784511227,0.11879755121171627,-0.7860834501030801,-0.4759326310969329,3
-1.5738763986763784,0,2.110644597184098,0,17,0,-1.2066012879445644,1,4,0,1.9274441246117042,-0.11152040977557812,2,2,True,False,False,True,True,-0.1490748270632596,-2.519727109555073,1.4963910702517333,-2.041157925364943,-0.05762752290540762,-1.005924425191513,0
1.0998904562178546,1,-1.9720426010194443,6,5,2,1.361964827580945,0,0,4,0.011915906570161323,-1.7885190530173543,6,0,False,False,False,False,False,-0.7079307860632962,0.58427249745529,-1.373924281893535,1.7187645708981307,-0.6215395582023033,-0.7409285281442228,1
-0.11545811418861496,0,-0.22730448212904159,1,3,2,0.3900749460307521,0,4,5,1.6632333359163187,1.146228572655754,6,2,False,False,False,True,False,0.6892091114367952,0.19627254657899448,-0.41715249784511227,-0.4411909056785287,-0.14987049487327497,-1.2709203222388028,1
0.8568207421365607,1,0.22632742878246306,0,17,1,-1.4842841112446195,2,0,0,0.011915906570161323,-0.9500197313964661,5,4,True,True,False,False,False,0.40978113193677695,-1.1340129992825894,1.018005178227522,-0.28119420370988735,-0.0514779914408831,0.05405916299764709,0
1.5860298843804423,0,-1.9371478386416365,6,0,0,0.9454405926308622,4,1,1,0.011915906570161323,1.5654782334661979,3,3,False,False,False,False,False,-0.91750177068831,0.58427249745529,-1.373924281893535,1.5854339859242628,-0.54036574287058,1.644034545281387,1
-0.11545811418861496,0,-0.61114686828493,4,18,1,0.32065424020573857,0,2,1,-1.0052956299070714,-0.9500197313964661,0,2,False,False,False,False,False,-0.35864581168827336,-0.41344166194089804,-0.8955383898693237,0.25212813618558416,-0.5665451768195557,0.05405916299764709,1
-1.3308066845950846,1,0.1565379040268469,0,22,0,-0.5123942296944268,3,1,3,1.5311279415686265,-0.11152040977557812,7,3,True,True,False,True,False,-0.7777877809383008,0.2517011109898941,0.5396192862033105,-0.38785867168898147,-0.6443806750705371,-1.005924425191513,0
1.3429601702991485,1,-1.8673583138860204,4,13,2,1.500806239230973,1,3,0,0.011915906570161323,-1.7885190530173543,6,2,False,False,False,False,False,-0.7777877809383008,1.6374152212623776,-1.373924281893535,2.065424091830187,-0.6032666647077163,0.8490468541395171,1
-0.6015975423512028,0,0.12164314164903897,6,5,3,-0.3041321122193856,4,1,1,-1.0713483270809177,-0.11152040977557812,1,3,False,False,False,True,False,-0.568216796313287,0.4734153686334912,0.5396192862033105,0.385458721159452,0.3399836115008472,-0.4759326310969329,1
1.3429601702991485,1,1.4825388743835533,5,9,1,-1.0677598762945368,0,0,5,0.011915906570161323,-1.3692693922069101,1,1,False,False,True,True,False,0.4796381268117816,-0.24715596870820014,1.4963910702517333,-1.3478388835008301,-0.34920316477336166,2.1740263393759673,0
-0.6015975423512028,1,-1.0298840168186267,0,17,2,1.7090683567060134,1,1,0,-0.09376840890799226,-0.11152040977557812,6,1,False,False,False,False,False,-0.49835980143828246,1.803700914495075,-1.373924281893535,1.6654323369085837,-0.6248778752830452,-1.005924425191513,1
0.6137510280552668,0,0.29611695353807926,6,20,1,-1.692546228719661,4,2,5,0.011915906570161323,-0.5307700705860221,1,1,False,True,False,True,True,-1.057215760438319,-0.4688702263517977,0.5396192862033105,0.30546037017513156,0.25714063762875317,1.909030442328677,2
-0.35852782826990887,1,-1.2392525910854753,5,19,0,2.0561718858310822,1,2,4,0.13081076148308504,0.7269789118453099,3,3,False,False,False,False,False,-0.28878881681326873,-0.19172740429730098,-0.8955383898693237,0.385458721159452,-0.6859339376808241,-0.21093673404964292,1
0.8568207421365607,1,-0.7507259177961624,0,1,2,0.6677577693308074,3,3,5,0.011915906570161323,-0.11152040977557812,5,0,False,False,False,False,False,-0.009360837313250513,1.1939867059751825,-0.41715249784511227,1.318772815976527,-0.9125880973732982,1.644034545281387,1
-0.35852782826990887,1,-0.29709400688465776,1,3,2,0.25123353438072443,1,2,5,-1.7715069171236886,1.984727894276642,7,1,False,False,False,True,False,-0.009360837313250513,-0.35801309752999894,0.5396192862033105,-0.4411909056785287,0.09900982854098045,0.05405916299764709,1
1.5860298843804423,0,-1.9371478386416365,5,9,1,2.264434003306124,0,3,2,0.011915906570161323,1.984727894276642,3,4,False,False,False,False,False,-0.91750177068831,1.1939867059751825,-1.373924281893535,1.0787777630235649,-0.6022124593137977,1.379038648234097,1
1.0998904562178546,1,-0.36688353164027393,1,21,2,0.18181282855571093,4,4,1,0.011915906570161323,0.7269789118453099,2,2,False,False,False,True,False,-0.568216796313287,1.1385581415642834,-0.41715249784511227,1.0254455290340179,-0.25221626853286105,1.114042751186807,1
-0.8446672564324966,1,-0.6809363930405462,6,5,0,0.32065424020573857,3,4,0,1.10839067965601,-0.11152040977557812,6,4,False,False,False,False,False,-0.4285028065632779,-0.13629883988640135,-0.41715249784511227,-0.014533033762151596,-0.8330834405819458,-0.7409285281442228,1
-0.8446672564324966,0,1.5523283991391692,6,5,0,-1.4842841112446195,0,3,5,0.13081076148308504,-0.11152040977557812,2,4,False,False,False,True,False,-0.009360837313250513,-1.854584336624281,1.018005178227522,-1.0278454795635474,-0.4502311816905497,-0.7409285281442228,2
0.6137510280552668,0,-0.61114686828493,1,2,2,0.8760198868058486,4,0,1,0.011915906570161323,1.5654782334661979,5,1,False,False,False,False,False,-0.28878881681326873,1.4711295280296792,-0.41715249784511227,0.5187893061333199,-0.7258180417507399,1.644034545281387,1
-0.11545811418861496,1,-0.12262019499561748,6,0,3,0.737178475155821,0,3,0,0.8970220486997021,-1.3692693922069101,1,0,False,True,False,True,False,-0.4285028065632779,0.14084398216809535,0.061233394179099114,0.8121165930758291,0.226568681205117,0.8490468541395171,2
-0.8446672564324966,1,-0.506462581151506,4,4,3,0.1123921227306974,0,2,0,-1.38840127351538,-0.11152040977557812,7,4,False,False,False,False,False,0.3399241370617723,1.027701012742485,-0.41715249784511227,0.7587843590862822,-0.7384685064777619,-1.005924425191513,1
-0.35852782826990887,1,-1.4137264029745154,1,16,1,1.4313855334059586,1,3,1,-0.06734733003845372,1.5654782334661979,0,4,False,False,False,False,False,-0.49835980143828246,1.027701012742485,-1.373924281893535,0.6254537741124143,-0.8001395220219932,-1.2709203222388028,1
-0.11545811418861496,0,0.05185361689342279,2,11,0,0.5983370635057933,1,3,0,1.0291274430473942,-0.9500197313964661,3,3,False,True,False,True,False,0.20021014731176323,0.8614153195097867,-0.41715249784511227,-0.014533033762151596,-0.8147226966378656,-0.21093673404964292,2
-1.3308066845950846,1,0.016958854515614862,0,1,3,0.5983370635057933,0,3,4,-1.5601382861673803,-0.11152040977557812,6,2,False,False,False,True,False,-0.28878881681326873,-0.24715596870820014,-0.41715249784511227,-0.7345181926210379,0.23913129548264564,-0.4759326310969329,1
-0.35852782826990887,0,-0.40177829401808185,0,17,3,-0.23471140639437146,3,3,0,0.09117914317877696,1.5654782334661979,5,2,False,False,False,True,False,0.3399241370617723,0.8059867550988875,-0.8955383898693237,0.2787942531803576,-0.6032666647077163,-0.4759326310969329,1
-0.35852782826990887,1,-0.22730448212904159,3,8,1,-0.3735528180443991,3,3,0,1.6632333359163187,0.7269789118453099,5,4,False,True,False,True,True,0.06049615756175412,0.2517011109898941,0.061233394179099114,-0.38785867168898147,-0.0371583681734904,-0.4759326310969329,2
0.12761159989267895,1,-1.5533054524857477,5,7,3,1.500806239230973,1,2,2,-1.6394015227759957,-0.5307700705860221,2,4,False,False,False,False,False,-0.91750177068831,1.3048438347969817,-1.373924281893535,0.8654488270653765,-0.8194666209104987,-1.2709203222388028,1
0.6137510280552668,0,-0.5413573435293142,2,23,2,0.1123921227306974,1,1,3,0.011915906570161323,-1.3692693922069101,2,4,False,False,False,True,False,-0.6380737911882917,0.14084398216809535,0.5396192862033105,1.1054438800183388,-0.12579947171213618,0.31905506004493706,1
-0.6015975423512028,1,0.12164314164903897,5,7,0,-1.7619669345446745,4,3,3,0.23649507696123923,-0.11152040977557812,0,3,True,False,False,False,False,-0.4285028065632779,0.3625582398116924,0.061233394179099114,-0.8945148945896795,-0.1296648914898374,-0.7409285281442228,2
-0.35852782826990887,1,0.1565379040268469,3,8,3,0.04297141690568326,4,4,0,1.8349703485683195,-0.9500197313964661,2,3,True,False,False,True,True,-0.91750177068831,0.7505581906879883,0.061233394179099114,-0.6278537246419438,0.05895002357207817,0.31905506004493706,2
0.37068131397397286,1,0.1565379040268469,3,14,1,-1.2760219937695783,3,1,5,-1.03171670877661,1.5654782334661979,5,3,True,False,False,True,True,1.3179220653118362,0.3625582398116924,0.5396192862033105,-0.38785867168898147,-0.7287171065840159,1.114042751186807,2
-0.11545811418861496,1,-0.12262019499561748,0,22,0,0.25123353438072443,3,3,0,1.9406546640464737,1.5654782334661979,7,2,False,False,False,True,True,0.40978113193677695,0.6951296262770883,0.061233394179099114,-0.06786526775169856,-0.4839657542959412,-0.21093673404964292,1
-0.8446672564324966,1,1.308065062494513,6,20,2,-0.720656347169468,3,1,5,-1.4808750495587648,-0.11152040977557812,3,4,True,False,False,True,True,-0.568216796313287,-0.3025845331190993,1.018005178227522,-1.1878421815321887,0.5003985322754434,-0.4759326310969329,0
-1.3308066845950846,1,1.4825388743835533,6,5,2,-1.8313876403696885,4,2,1,0.6724428783086243,-0.11152040977557812,7,0,True,False,False,True,True,0.6892091114367952,-1.1340129992825894,1.4963910702517333,-1.241174415521736,0.4615686335994457,-1.005924425191513,0
0.37068131397397286,0,-0.7856206801739705,1,2,1,0.6677577693308074,3,4,0,-0.6221899862987631,-1.7885190530173543,1,4,False,False,False,False,False,-0.28878881681326873,0.3625582398116924,-1.373924281893535,-0.041199150756925075,-0.859877827677374,-1.2709203222388028,1
-0.35852782826990887,1,-0.506462581151506,5,19,3,0.3900749460307521,1,1,0,-0.0277157117341462,-0.9500197313964661,7,4,False,False,False,True,False,-0.9873587655633144,0.6397010618661891,-0.8955383898693237,0.2787942531803576,0.15997804048926623,-0.21093673404964292,1
0.12761159989267895,0,0.7846436268273922,0,17,1,-0.6512356413444544,3,3,2,1.0819696007864714,1.5654782334661979,2,2,True,False,False,True,False,1.1083510806868226,0.3071296754007933,0.061233394179099114,-0.361192554694208,-0.7346030867000607,-1.005924425191513,2
-0.11545811418861496,0,-1.4137264029745154,6,20,3,1.9173304741810553,1,1,4,-0.8864007749941479,1.146228572655754,4,0,False,False,False,False,False,-0.7777877809383008,1.3048438347969817,-1.373924281893535,1.4254372839556215,-0.8751638058891921,-1.005924425191513,1
-0.6015975423512028,0,-0.7158311554183545,0,17,3,0.5983370635057933,3,2,5,1.9274441246117042,-0.11152040977557812,2,2,False,False,False,False,False,-0.35864581168827336,1.4711295280296792,-0.41715249784511227,1.2921066989817536,-0.8379152153040722,-0.7409285281442228,1
0.12761159989267895,1,1.6570126862725936,3,15,2,-1.0677598762945368,3,3,5,0.8838115092649327,-0.5307700705860221,6,4,True,False,True,True,True,1.9466350191868773,-0.9677273060498914,1.4963910702517333,-1.6145000534485658,1.3529871446070174,-1.2709203222388028,3
0.12761159989267895,0,0.22632742878246306,0,12,0,-1.4842841112446195,0,4,5,-1.3619801946458414,1.146228572655754,3,3,True,True,False,True,False,-0.4285028065632779,-1.2448701281043881,0.5396192862033105,-0.5211892566628493,0.07186403964757959,-1.2709203222388028,0
-1.3308066845950846,1,-1.134568303952051,6,20,1,1.9173304741810553,0,1,4,1.5311279415686265,-0.11152040977557812,4,1,False,False,False,False,False,-0.6380737911882917,1.1385581415642834,-0.8955383898693237,1.5054356349399425,-0.6235601185406472,-0.21093673404964292,1
0.6137510280552668,1,0.4356960030493116,4,4,1,-0.9983391704695234,2,2,1,0.011915906570161323,1.146228572655754,1,3,True,False,False,False,True,1.5274930499368502,-0.579727355173596,-0.8955383898693237,-0.3078603207046608,-0.348939613424882,-1.005924425191513,2
0.37068131397397286,1,0.08674837927123104,4,13,0,0.5289163576807798,1,2,2,1.2801276923080107,-1.3692693922069101,7,3,False,True,False,False,True,-0.9873587655633144,0.14084398216809535,-0.41715249784511227,-0.6278537246419438,0.28964530394123966,-1.005924425191513,2
-0.6015975423512028,1,0.08674837927123104,5,9,3,0.18181282855571093,3,0,0,-0.569347828559686,-0.11152040977557812,3,2,False,False,False,False,False,0.40978113193677695,0.6397010618661891,-0.41715249784511227,-0.041199150756925075,0.1507537432924794,-0.4759326310969329,1
-0.35852782826990887,0,-0.08772543261780924,5,19,1,0.3900749460307521,0,3,0,1.0027063641778557,1.984727894276642,6,0,False,False,False,False,True,-0.7079307860632962,1.027701012742485,-0.41715249784511227,0.6787860081019612,-0.13818638509067846,-0.4759326310969329,1
-0.6015975423512028,1,0.12164314164903897,6,20,1,-0.7900770529944822,3,0,3,1.5575490204381652,-0.11152040977557812,0,4,False,True,False,True,False,1.2480650704368317,0.58427249745529,-0.41715249784511227,0.2787942531803576,0.10999113472763133,0.5840509570922271,2
-0.8446672564324966,1,-0.3319887692624657,1,2,2,0.45949565185576624,0,2,2,-0.3976108159076852,-0.11152040977557812,0,4,False,False,False,True,False,-0.4285028065632779,0.4734153686334912,-0.8955383898693237,0.385458721159452,0.08627151336446554,-0.4759326310969329,1
-0.8446672564324966,0,0.9591174387164324,0,22,1,-0.3735528180443991,2,0,1,-0.1201894877775308,-0.11152040977557812,5,0,True,True,True,True,False,-0.4285028065632779,-1.2448701281043881,0.5396192862033105,-0.8145165436053589,0.8933535928585582,0.05405916299764709,3
-0.6015975423512028,1,0.3310117159158872,6,0,1,-0.9983391704695234,3,2,1,1.6764438753510884,-0.11152040977557812,5,0,True,False,False,True,True,-0.568216796313287,0.6397010618661891,0.5396192862033105,-0.12119750174124574,-0.3031695292389212,0.05405916299764709,2
0.12761159989267895,0,-0.01793590786219338,4,18,3,-0.0958699947443444,3,0,4,-0.22587380325568496,1.146228572655754,6,0,False,True,False,False,True,-0.4285028065632779,0.6951296262770883,0.061233394179099114,0.8121165930758291,0.3337462295868297,0.05405916299764709,2
-0.6015975423512028,1,-0.5762521059071222,2,23,3,-0.5123942296944268,0,0,0,-0.3051370398643006,-0.11152040977557812,7,2,False,False,False,False,False,1.3179220653118362,1.41570096361878,-1.373924281893535,0.945447178049697,-0.9061750145602941,0.05405916299764709,1
-0.35852782826990887,0,0.1565379040268469,4,6,0,-1.2066012879445644,3,1,3,0.8970220486997021,0.3077292510348659,6,0,True,True,False,False,True,-0.35864581168827336,0.6397010618661891,0.5396192862033105,0.0387992002273956,-0.31959756329415084,0.31905506004493706,0
-0.35852782826990887,0,0.22632742878246306,0,1,1,-0.5123942296944268,4,3,3,-0.8599796961246094,0.7269789118453099,0,3,True,True,False,False,True,-0.28878881681326873,-0.9677273060498914,0.061233394179099114,-0.014533033762151596,-0.742333926255463,-0.7409285281442228,0
-0.6015975423512028,1,-0.3319887692624657,3,8,1,-0.026449288919330263,0,1,4,0.7517061149172399,-0.11152040977557812,5,4,False,False,False,False,False,-1.057215760438319,0.3625582398116924,0.061233394179099114,0.9987794120392444,-0.3313695235262406,-0.21093673404964292,1
-0.35852782826990887,0,-0.3319887692624657,3,8,0,-0.44297352386941324,4,2,3,-1.4148223523849184,0.3077292510348659,6,4,False,False,False,True,False,0.1303531524367586,-0.02544171106460258,-0.8955383898693237,0.838782710070603,0.3794284633232972,0.8490468541395171,1
0.37068131397397286,0,-0.8205154425517786,1,2,0,0.18181282855571093,0,4,1,1.7292860330901654,-0.5307700705860221,0,3,False,False,False,False,False,-0.35864581168827336,-0.13629883988640135,-1.373924281893535,0.7854504760810557,-0.49573771452803095,0.5840509570922271,1
-1.5738763986763784,0,-0.12262019499561748,6,20,3,0.1123921227306974,3,2,0,-0.15982110608183892,-0.11152040977557812,7,4,False,False,False,False,True,0.8289231011868045,0.8614153195097867,0.5396192862033105,0.4654570721437729,-0.1675284352214095,-0.4759326310969329,1
-0.35852782826990887,1,1.0986964882276649,1,16,2,-1.9008083461947023,3,0,5,-1.4544539706892263,1.146228572655754,2,4,False,False,False,True,True,2.0863490089368866,0.14084398216809535,0.5396192862033105,-1.4011711174903776,1.1154395291773855,0.5840509570922271,2
-0.35852782826990887,0,-0.08772543261780924,0,17,2,0.45949565185576624,0,3,1,-0.06734733003845372,0.7269789118453099,7,2,False,True,False,True,False,-0.4285028065632779,-0.9122987416389923,0.5396192862033105,-0.3078603207046608,0.13318365339383798,0.31905506004493706,2
-0.35852782826990887,1,-0.12262019499561748,4,13,1,-0.026449288919330263,0,0,0,0.1176002220483155,-0.11152040977557812,1,4,False,True,False,True,True,-0.7079307860632962,-0.24715596870820014,0.061233394179099114,-0.7078520756262644,-0.07607611729898105,-0.21093673404964292,2
-1.8169461127576723,1,0.08674837927123104,2,23,2,-0.16529070056935793,1,4,0,1.6236017176120112,-0.11152040977557812,5,2,False,True,False,False,True,-0.8476447758133053,-0.9122987416389923,0.061233394179099114,-0.6811859586314909,-0.34744615578349747,-1.005924425191513,2
0.12761159989267895,1,2.2502236466953303,6,20,1,-0.026449288919330263,4,3,1,1.517917402133857,-1.7885190530173543,1,3,True,False,False,True,True,0.2700671421867677,-1.5774415145697844,2.4531628543001562,-2.041157925364943,1.206101193054375,1.114042751186807,0
1.3429601702991485,0,0.7148541020717757,6,5,0,-1.2760219937695783,3,2,0,0.011915906570161323,-1.7885190530173543,6,3,True,False,False,False,True,0.9686370909368134,-0.9677273060498914,0.5396192862033105,-0.5745214906523965,-0.5372031266888246,1.114042751186807,2
-0.11545811418861496,1,0.5403802901827357,3,14,1,-0.720656347169468,4,0,3,-0.08055786947322328,0.7269789118453099,7,2,False,True,True,True,False,0.6892091114367952,-1.1340129992825894,-0.41715249784511227,-1.241174415521736,-0.35139942601069185,-1.005924425191513,0
0.12761159989267895,0,-1.727779264374788,3,8,1,1.0148612984558762,1,1,2,1.3197593106123182,-0.11152040977557812,6,3,False,False,False,False,False,-0.8476447758133053,2.3579865586040683,-1.373924281893535,2.01209185784064,-0.5631190092893208,1.114042751186807,1
-0.35852782826990887,1,-0.5413573435293142,6,5,0,0.1123921227306974,0,0,4,-0.26550542155999307,1.5654782334661979,3,1,False,False,False,True,False,0.6193521165617906,-0.35801309752999894,-0.41715249784511227,-0.014533033762151596,-0.7628909314368735,0.05405916299764709,1
0.6137510280552668,1,0.08674837927123104,2,23,3,0.6677577693308074,3,4,5,0.011915906570161323,-0.5307700705860221,5,4,False,False,False,True,True,0.8289231011868045,-0.8014416128171935,-0.41715249784511227,0.06546531722216932,-0.7239731823113827,0.31905506004493706,1
-1.3308066845950846,1,1.342959824872321,0,12,3,-1.345442699594592,4,2,0,-1.6129804439064572,-0.11152040977557812,1,3,True,True,False,True,True,1.1782080755618272,-0.6905844839953947,0.5396192862033105,-0.46785702267330215,1.068527389148013,-0.21093673404964292,3
-0.6015975423512028,1,1.4825388743835533,5,9,1,-0.720656347169468,4,2,1,0.8309693515258555,-0.11152040977557812,1,1,True,False,True,True,True,-0.8476447758133053,-0.5242987907626968,1.9747769622759448,-2.0144918083701695,1.2428226809425356,0.5840509570922271,3
-0.8446672564324966,0,-1.5882002148635557,0,17,0,1.7784890625310281,1,3,2,-1.3751907340806107,-0.11152040977557812,1,0,False,False,False,False,False,-0.9873587655633144,0.0854154177571957,-1.373924281893535,1.1321099970131123,-0.857769416889537,0.05405916299764709,1
0.37068131397397286,0,-0.052830670240001314,5,7,0,0.45949565185576624,3,3,5,0.6196007205695478,1.5654782334661979,6,4,False,True,False,True,False,0.6892091114367952,-0.4688702263517977,-0.41715249784511227,-0.5745214906523965,0.04023787783002499,0.5840509570922271,2
-1.0877369705137905,1,-0.471567818773698,1,3,3,0.737178475155821,0,4,1,-0.46366351308153186,-0.11152040977557812,6,0,False,False,False,False,False,0.3399241370617723,-0.24715596870820014,0.5396192862033105,0.9987794120392444,-0.029603229517074604,-0.4759326310969329,1
-0.35852782826990887,0,-0.5413573435293142,1,2,3,0.5289163576807798,1,1,0,-0.08055786947322328,-1.7885190530173543,1,2,False,False,False,True,False,0.20021014731176323,0.8614153195097867,0.5396192862033105,0.4921231891385464,-0.19186300973102793,-0.21093673404964292,1
-0.6015975423512028,0,0.40080124067150336,4,6,1,0.04297141690568326,3,0,4,-0.5165056708206089,-0.11152040977557812,1,3,False,True,False,False,True,1.4576360550618455,-0.19172740429730098,0.061233394179099114,-0.06786526775169856,-0.6518479632774598,-0.21093673404964292,2
-0.8446672564324966,1,0.47059076542711953,1,21,3,-0.5123942296944268,3,3,5,-1.692243680515073,-0.11152040977557812,7,3,False,True,False,True,False,-0.28878881681326873,-0.02544171106460258,-0.8955383898693237,-0.2545280867151136,0.268912597860843,-1.005924425191513,2
-0.8446672564324966,1,0.016958854515614862,3,14,2,-0.16529070056935793,1,1,1,-1.1109799453852256,-0.11152040977557812,2,1,False,False,False,False,True,0.1303531524367586,0.3625582398116924,0.061233394179099114,0.35879260416467856,0.353863982520774,-0.7409285281442228,1
-1.0877369705137905,1,0.7497488644495842,3,8,0,-0.16529070056935793,3,4,5,-0.37118973703814667,-0.11152040977557812,1,2,False,True,True,True,True,0.3399241370617723,-0.02544171106460258,0.061233394179099114,0.0921314342169428,-0.8001395220219932,-1.2709203222388028,0
-1.0877369705137905,1,-0.7507259177961624,2,23,2,0.45949565185576624,1,1,2,0.35538993187416235,-0.11152040977557812,3,2,False,False,False,False,False,0.1303531524367586,-0.24715596870820014,-0.41715249784511227,0.6254537741124143,-0.5927246107685314,-0.21093673404964292,1
-0.35852782826990887,1,-1.69288450199698,6,0,3,1.7090683567060134,0,1,2,0.36860047130893137,-1.3692693922069101,8,2,False,False,False,False,False,-0.9873587655633144,1.360272399207881,-1.373924281893535,2.198754676804055,-0.757619904467281,-0.21093673404964292,1
0.12761159989267895,2,-0.3319887692624657,2,23,1,0.8065991809808352,0,0,1,-1.4016118129501491,0.3077292510348659,7,1,False,False,False,True,False,-0.8476447758133053,0.02998685334629656,-0.41715249784511227,0.2787942531803576,0.3473630492582766,-1.005924425191513,1
-1.0877369705137905,0,-0.506462581151506,3,15,2,-0.026449288919330263,0,3,5,-0.7807164595159941,-0.11152040977557812,5,3,False,False,False,True,False,-0.4285028065632779,1.3048438347969817,-0.41715249784511227,0.6521198911071877,-0.6041451692026484,-1.2709203222388028,1
-0.11545811418861496,1,0.40080124067150336,2,10,2,-1.8313876403696885,4,4,5,1.570759559872934,0.3077292510348659,5,0,False,True,False,True,False,-0.568216796313287,-0.8014416128171935,0.061233394179099114,-0.7345181926210379,-0.6574703920450251,-1.005924425191513,2
-0.8446672564324966,0,1.4127493496279369,3,14,1,-0.3041321122193856,1,4,5,1.8349703485683195,-0.11152040977557812,7,3,False,True,True,False,False,1.038494085811818,-1.854584336624281,0.5396192862033105,-1.4278372344851509,1.3917291928335214,-1.2709203222388028,3
0.37068131397397286,1,-1.2741473534632832,3,14,3,1.153702710105904,1,1,2,-1.7847174565584578,-1.7885190530173543,3,2,False,False,False,False,False,0.3399241370617723,1.9145580433168743,-0.41715249784511227,1.3721050499660745,-0.569180690304352,1.644034545281387,1
1.3429601702991485,0,-0.36688353164027393,2,23,1,0.1123921227306974,4,0,0,0.011915906570161323,0.3077292510348659,6,0,False,False,False,True,False,-0.7777877809383008,-0.02544171106460258,-0.8955383898693237,-0.14786361873601947,-0.6257563797779774,0.5840509570922271,1
0.37068131397397286,1,-0.40177829401808185,4,13,0,0.04297141690568326,0,1,0,0.8441798909606251,-0.5307700705860221,7,3,False,False,False,False,False,-0.9873587655633144,-0.5242987907626968,0.061233394179099114,0.35879260416467856,-0.1360779743028414,-0.21093673404964292,1
-0.11545811418861496,0,-0.7856206801739705,4,4,0,-0.3041321122193856,1,3,0,0.8573904303953941,0.7269789118453099,2,2,False,False,False,False,False,-0.7777877809383008,0.2517011109898941,-0.8955383898693237,0.838782710070603,-0.48967603351299965,0.31905506004493706,1
-0.11545811418861496,1,-0.5762521059071222,1,2,3,0.04297141690568326,0,2,2,1.5971806387424727,1.5654782334661979,6,0,False,False,False,True,False,-0.49835980143828246,0.14084398216809535,0.5396192862033105,-0.361192554694208,0.2617088610023998,0.05405916299764709,1
-0.6015975423512028,1,-0.8205154425517786,4,6,1,-0.3735528180443991,0,2,0,0.6856534177433938,-0.11152040977557812,7,0,False,False,False,False,False,-0.28878881681326873,1.6374152212623776,-0.8955383898693237,0.0921314342169428,-0.7344273858010744,0.05405916299764709,1
-0.8446672564324966,1,0.5752750525605437,4,18,1,-0.026449288919330263,2,1,1,0.011915906570161323,-0.11152040977557812,6,2,True,False,True,True,True,-0.4285028065632779,-0.41344166194089804,1.018005178227522,-0.8411826606001322,0.3687985589346191,-0.4759326310969329,0
-0.11545811418861496,1,-0.29709400688465776,1,16,1,0.8065991809808352,0,1,4,1.2801276923080107,-0.11152040977557812,6,4,False,False,False,True,False,0.1303531524367586,-0.7460130484062943,-0.41715249784511227,0.5187893061333199,-0.07185929572330707,0.31905506004493706,1
0.37068131397397286,1,-0.8554102049295865,0,17,3,-0.3041321122193856,1,0,0,-0.27871596099476204,1.5654782334661979,1,4,False,False,False,False,False,0.6892091114367952,0.0854154177571957,-1.373924281893535,1.2121083479974326,-0.8077825111279022,-1.005924425191513,1
-0.8446672564324966,0,-0.7856206801739705,0,12,3,0.18181282855571093,0,1,4,-1.1241904848199948,-0.11152040977557812,7,0,False,False,False,False,False,-0.9873587655633144,-0.4688702263517977,-0.8955383898693237,1.2921066989817536,-0.6254049779800045,0.31905506004493706,1
-0.6015975423512028,0,-0.5413573435293142,6,20,2,0.8065991809808352,0,4,0,-1.9432439297756887,-0.11152040977557812,0,1,False,False,False,False,False,-0.7777877809383008,0.6951296262770883,-0.8955383898693237,-0.38785867168898147,-0.045504160875344965,-1.005924425191513,1
-0.8446672564324966,0,-0.12262019499561748,0,17,3,0.45949565185576624,0,0,4,1.4254436260904724,-0.11152040977557812,0,2,False,False,False,True,False,1.4576360550618455,-0.3025845331190993,0.061233394179099114,-0.17452973573079295,-0.1578648857771568,-0.21093673404964292,1
-0.8446672564324966,1,-1.2741473534632832,1,16,1,1.8479097683560417,0,3,2,0.1176002220483155,-0.11152040977557812,6,2,False,False,False,False,False,-0.7079307860632962,0.972272448331585,-1.373924281893535,0.5987876571176408,-0.8011937274159117,0.05405916299764709,1
1.0998904562178546,0,-0.3319887692624657,0,12,1,0.18181282855571093,0,0,2,0.011915906570161323,-0.5307700705860221,0,1,False,False,False,True,False,-0.009360837313250513,0.6397010618661891,-0.41715249784511227,0.7321182420915087,-0.446541462811835,-1.2709203222388028,1
-0.6015975423512028,1,0.6799593396939677,4,13,2,-1.0677598762945368,3,0,1,0.9102325881344712,-0.11152040977557812,0,0,True,True,False,False,False,-0.49835980143828246,-1.189441563693489,0.061233394179099114,-0.4145247886837552,-0.3318966262231999,0.05405916299764709,0
-0.6015975423512028,0,-1.5882002148635557,5,9,1,0.8760198868058486,1,2,0,1.4650752443947799,-0.11152040977557812,6,2,False,False,False,False,False,-0.9873587655633144,1.41570096361878,-1.373924281893535,1.4254372839556215,-0.8436254945211307,0.5840509570922271,1
-0.35852782826990887,0,-1.4137264029745154,2,10,3,2.1950132974811107,1,0,4,-1.5865593650369187,1.984727894276642,6,3,False,False,False,False,False,-0.9873587655633144,0.3625582398116924,-0.8955383898693237,1.8254290388772252,-0.6334872193333795,-0.21093673404964292,1
-0.11545811418861496,0,-0.7158311554183545,3,15,3,0.8065991809808352,3,0,2,-0.0012946328646076554,-0.5307700705860221,3,2,False,False,False,False,False,-1.057215760438319,0.8614153195097867,-0.8955383898693237,0.0387992002273956,-0.5833246126727583,-1.005924425191513,1
-1.3308066845950846,0,1.1684860129832806,2,11,2,-1.345442699594592,4,3,1,1.3329698500470872,-0.11152040977557812,0,3,False,True,True,True,True,-0.009360837313250513,-1.7991557722133815,0.5396192862033105,-0.4945231396680759,1.0925984123091517,-1.2709203222388028,3
0.12761159989267895,1,-0.40177829401808185,6,0,3,0.5983370635057933,1,3,4,-1.1506115636895333,1.146228572655754,2,1,False,False,False,False,False,-0.07921783218825514,1.027701012742485,-0.41715249784511227,-0.22786196972034015,-0.6984965519583527,-1.2709203222388028,1
-1.3308066845950846,1,-0.8554102049295865,3,14,3,0.5983370635057933,4,3,4,-1.335559115776303,-0.11152040977557812,7,2,False,False,False,False,False,-0.91750177068831,0.0854154177571957,-0.8955383898693237,0.7054521250967352,-0.7553357927804577,-1.2709203222388028,1
-0.11545811418861496,0,0.016958854515614862,4,6,0,-0.3041321122193856,3,2,4,-0.7542953806464555,1.984727894276642,3,4,False,True,False,True,True,-0.28878881681326873,0.8059867550988875,0.061233394179099114,0.0387992002273956,-0.5085638801540392,-0.7409285281442228,2
1.3429601702991485,1,-0.2621992445068495,5,9,0,-0.026449288919330263,3,3,0,0.011915906570161323,-1.3692693922069101,7,2,False,False,False,False,False,-0.6380737911882917,1.1939867059751825,-0.41715249784511227,0.9987794120392444,0.11570141394468983,1.644034545281387,1
-1.3308066845950846,1,0.22632742878246306,3,8,3,-0.8594977588194956,3,2,5,-0.7807164595159941,-0.11152040977557812,5,2,False,False,False,True,False,-0.07921783218825514,-0.35801309752999894,0.061233394179099114,0.22546201919081066,-0.7026255230845334,-0.21093673404964292,1
-0.11545811418861496,1,-0.7158311554183545,6,0,2,-0.3041321122193856,0,3,0,-1.956454469210458,-1.3692693922069101,0,0,False,False,False,False,False,0.3399241370617723,0.14084398216809535,-1.373924281893535,0.385458721159452,-0.5812162018849213,-0.7409285281442228,1
-1.0877369705137905,1,0.8195383892052001,0,12,1,-1.692546228719661,3,1,0,-1.3223485763415337,-0.11152040977557812,0,4,False,False,True,True,True,-0.4285028065632779,-0.6351559195844956,0.5396192862033105,-0.06786526775169856,-0.06439200751638452,-0.7409285281442228,2
0.12761159989267895,1,0.5403802901827357,5,9,3,-1.692546228719661,4,2,1,-0.31834757929907015,1.5654782334661979,1,2,True,True,False,True,True,-0.21893182193826424,-1.411155821337086,0.5396192862033105,-1.1611760645374152,-0.10383685933883442,0.5840509570922271,0
-1.0877369705137905,1,-0.052830670240001314,5,9,3,0.5983370635057933,1,3,0,1.4386541655252414,-0.11152040977557812,7,4,False,False,False,True,True,0.06049615756175412,-0.5242987907626968,-0.41715249784511227,0.2787942531803576,-0.608625542126802,-0.4759326310969329,1
0.12761159989267895,1,-0.22730448212904159,2,11,0,-0.16529070056935793,1,0,5,-1.9168228509061502,-0.9500197313964661,7,4,False,True,False,True,False,0.6193521165617906,-0.13629883988640135,-0.41715249784511227,0.0387992002273956,-0.08011723797566864,-1.005924425191513,2
0.12761159989267895,0,-0.052830670240001314,2,23,1,-0.3041321122193856,3,1,4,-0.9260323932984558,-1.7885190530173543,0,1,False,True,False,True,False,-0.4285028065632779,0.19627254657899448,0.5396192862033105,-0.7078520756262644,-0.6833862746455212,0.31905506004493706,2
-0.6015975423512028,1,-0.1575149573734254,6,20,1,0.8065991809808352,0,0,1,-0.8599796961246094,-0.11152040977557812,5,4,False,True,False,True,True,-0.568216796313287,0.0854154177571957,0.061233394179099114,-0.3345264376994343,-0.6564161866511066,-0.4759326310969329,2
-0.8446672564324966,0,-0.052830670240001314,3,8,2,-0.3735528180443991,4,4,0,-1.6394015227759957,-0.11152040977557812,7,0,False,True,False,True,True,-0.35864581168827336,-0.8014416128171935,-0.8955383898693237,-0.06786526775169856,-0.6412180588887817,-1.005924425191513,2
-1.5738763986763784,1,-1.134568303952051,3,15,1,2.125592591656097,3,4,4,1.412233086655703,-0.11152040977557812,6,0,False,False,False,False,False,-0.35864581168827336,1.0831295771533842,-1.373924281893535,1.0787777630235649,-0.6029152629097434,-0.4759326310969329,1
-1.0877369705137905,1,-1.4835159277301317,5,9,0,1.2231234159309174,1,3,2,0.6460217994390858,-0.11152040977557812,6,4,False,False,False,False,False,-0.9873587655633144,0.02998685334629656,-1.373924281893535,1.0254455290340179,-0.6775002945294761,0.05405916299764709,1
1.5860298843804423,0,-1.9022530762638281,2,11,1,1.8479097683560417,3,0,4,0.011915906570161323,1.984727894276642,3,0,False,False,False,False,False,-0.8476447758133053,0.7505581906879883,-1.373924281893535,2.358751378772697,-0.7802853204365285,1.644034545281387,1
-1.5738763986763784,1,-0.22730448212904159,0,22,1,-0.23471140639437146,0,3,0,-0.10697894834276182,-0.11152040977557812,1,1,False,True,False,True,False,0.6193521165617906,0.02998685334629656,0.061233394179099114,-0.041199150756925075,-0.4188685712214748,-1.005924425191513,2
1.3429601702991485,1,-1.7975687891304042,5,7,1,2.1950132974811107,1,4,4,0.011915906570161323,1.146228572655754,6,1,False,False,False,False,False,-0.8476447758133053,0.7505581906879883,-1.373924281893535,1.6387662199138102,-0.9128516487217777,0.5840509570922271,1
0.12761159989267895,0,-0.471567818773698,3,8,2,-0.44297352386941324,3,4,4,-1.4808750495587648,-0.5307700705860221,3,0,False,False,False,True,False,0.6892091114367952,1.1385581415642834,-0.41715249784511227,0.14546366820648976,-0.5177003269013327,-0.4759326310969329,1
1.0998904562178546,1,-1.7626740267525958,2,10,2,1.5702269450559863,1,1,2,0.011915906570161323,0.3077292510348659,4,4,False,False,False,False,False,-0.91750177068831,0.41798680422259205,-1.373924281893535,1.2121083479974326,-0.5069825720631614,-0.4759326310969329,1
-0.35852782826990887,1,-0.7507259177961624,2,23,1,0.6677577693308074,0,4,0,0.4874953262218551,1.984727894276642,1,0,False,False,False,False,False,-0.91750177068831,0.02998685334629656,-0.8955383898693237,0.7587843590862822,-0.8520591376724785,0.31905506004493706,1
0.6137510280552668,1,-0.7507259177961624,1,21,1,-0.0958699947443444,3,1,4,0.011915906570161323,-0.11152040977557812,3,4,False,False,False,False,False,0.06049615756175412,0.0854154177571957,-0.8955383898693237,1.2387744649922068,-0.5625040561428682,0.31905506004493706,1
-0.8446672564324966,0,0.40080124067150336,3,14,3,-1.6231255228946473,4,1,0,1.10839067965601,-0.11152040977557812,7,3,True,True,False,True,True,-0.009360837313250513,-0.8014416128171935,-0.8955383898693237,-0.8145165436053589,-0.0884630306775232,0.31905506004493706,0
0.8568207421365607,1,-1.4137264029745154,3,15,3,2.264434003306124,0,2,4,0.011915906570161323,1.984727894276642,5,4,False,False,False,False,False,-0.7079307860632962,0.2517011109898941,-1.373924281893535,1.1587761140078858,-0.49406855598766003,0.8490468541395171,1
0.37068131397397286,1,-1.5184106901079397,5,7,2,1.2231234159309174,0,1,4,1.0291274430473942,1.984727894276642,6,2,False,False,False,False,False,-0.9873587655633144,1.360272399207881,-1.373924281893535,1.958759623851093,-0.7845899924616956,0.31905506004493706,1
0.37068131397397286,1,0.6799593396939677,1,3,2,-0.16529070056935793,0,1,1,0.8706009698301637,-0.5307700705860221,0,1,False,True,False,True,True,-0.35864581168827336,-1.189441563693489,0.5396192862033105,-0.4945231396680759,0.14152944609569268,1.114042751186807,2
-1.5738763986763784,0,-0.7856206801739705,2,11,2,-0.3735528180443991,3,3,4,1.3593909289166257,-0.11152040977557812,1,1,False,False,False,False,False,-0.1490748270632596,1.3048438347969817,0.5396192862033105,0.0921314342169428,-0.5856087243595817,-1.005924425191513,1
-1.0877369705137905,0,-0.22730448212904159,0,17,2,0.5983370635057933,3,1,0,0.8441798909606251,-0.11152040977557812,2,0,False,True,False,True,True,0.6193521165617906,0.19627254657899448,-0.41715249784511227,-0.6278537246419438,0.20776868501357082,-0.4759326310969329,2
1.8290995984617362,1,-1.832463551508212,0,12,2,1.8479097683560417,1,3,0,0.011915906570161323,-1.3692693922069101,3,2,False,False,False,False,False,-0.6380737911882917,0.5288439330443908,-1.373924281893535,1.1587761140078858,-0.8578572673390301,0.5840509570922271,1
-0.11545811418861496,0,-0.1575149573734254,0,12,1,-0.16529070056935793,1,0,4,-1.3091380369067642,-0.11152040977557812,0,3,False,False,False,False,True,0.2700671421867677,-0.8568701772280927,0.5396192862033105,-0.7345181926210379,-0.26381252786596443,0.5840509570922271,1
-0.35852782826990887,0,-0.12262019499561748,3,14,3,0.737178475155821,1,1,0,-0.1201894877775308,0.3077292510348659,3,0,False,True,False,False,False,0.7590661063117998,-0.02544171106460258,0.061233394179099114,0.7321182420915087,-0.3029938283399347,-1.005924425191513,2
-0.11545811418861496,1,-0.052830670240001314,1,2,0,0.5289163576807798,4,2,1,1.200864455699395,1.5654782334661979,0,3,False,True,False,True,False,-0.21893182193826424,-0.3025845331190993,0.5396192862033105,0.8121165930758291,-0.08231349921299881,1.114042751186807,2
-0.11545811418861496,0,-0.8205154425517786,0,17,0,0.18181282855571093,0,4,2,0.8441798909606251,-1.3692693922069101,5,2,False,False,False,False,False,0.4796381268117816,1.2494152703860817,0.061233394179099114,0.2787942531803576,-0.8410778314858276,-1.2709203222388028,1
-1.0877369705137905,1,0.6101698149383519,2,23,3,-0.44297352386941324,0,2,0,1.2537066134384722,-0.11152040977557812,5,3,False,True,False,False,True,1.038494085811818,0.4734153686334912,0.5396192862033105,-0.5745214906523965,0.27269016718905065,-0.4759326310969329,2
1.5860298843804423,1,1.0289069634720482,2,11,3,0.1123921227306974,4,1,3,0.011915906570161323,1.146228572655754,1,3,True,False,False,True,True,-0.91750177068831,-0.3025845331190993,1.018005178227522,-0.6811859586314909,1.0475311317191367,-0.21093673404964292,0
0.37068131397397286,1,1.1684860129832806,0,12,3,-1.4148634054196056,0,0,0,-1.8243490748627655,-0.5307700705860221,0,3,False,True,False,True,True,0.4796381268117816,-0.6905844839953947,1.018005178227522,-1.1611760645374152,0.8998545261210557,-0.4759326310969329,0
-0.11545811418861496,1,-0.08772543261780924,0,17,2,0.6677577693308074,1,0,0,-0.5032951313858394,1.146228572655754,7,2,False,False,False,False,True,-0.8476447758133053,-0.8568701772280927,-0.41715249784511227,0.8121165930758291,0.23263036222014827,0.05405916299764709,1
-0.11545811418861496,0,0.3310117159158872,0,12,0,-0.720656347169468,3,4,1,-1.9828755480799967,-0.9500197313964661,5,4,True,True,False,True,True,1.4576360550618455,-0.8014416128171935,-0.41715249784511227,-0.7078520756262644,0.3232920260971381,-0.7409285281442228,0
0.6137510280552668,0,-0.7158311554183545,5,19,1,-0.0958699947443444,3,3,1,0.011915906570161323,-1.7885190530173543,6,3,False,False,False,False,False,0.6892091114367952,-0.19172740429730098,-0.8955383898693237,1.1321099970131123,-0.6210124555053441,0.5840509570922271,1
-0.35852782826990887,1,0.47059076542711953,5,19,3,-1.692546228719661,2,4,0,-0.9788745510375328,-0.5307700705860221,2,0,False,False,False,False,False,-0.35864581168827336,0.58427249745529,0.5396192862033105,-0.09453138474647227,-0.3032573796884144,-0.21093673404964292,1
-1.5738763986763784,1,-0.9251997296852027,2,10,2,1.500806239230973,3,1,4,-0.09376840890799226,-0.11152040977557812,7,3,False,False,False,False,False,-0.28878881681326873,0.5288439330443908,-0.41715249784511227,0.945447178049697,-0.8300086748496837,-1.005924425191513,1
0.12761159989267895,1,-0.22730448212904159,1,21,2,0.3900749460307521,0,4,1,1.7689176513944729,-0.5307700705860221,5,2,False,False,False,True,False,0.06049615756175412,1.1939867059751825,-0.41715249784511227,-0.4411909056785287,-0.12061629519203705,1.379038648234097,1
-0.6015975423512028,1,-0.5413573435293142,1,16,3,0.737178475155821,1,0,5,1.6500227964815497,-0.11152040977557812,0,4,False,False,False,True,False,0.6193521165617906,0.8614153195097867,-0.8955383898693237,-0.14786361873601947,-0.07493406145556938,0.31905506004493706,1
-0.6015975423512028,1,-0.9251997296852027,1,16,2,1.8479097683560417,1,1,4,1.6368122570467802,-0.11152040977557812,4,3,False,False,False,False,False,-0.35864581168827336,1.6928437856732768,-1.373924281893535,1.3721050499660745,-0.5846423694151563,0.05405916299764709,1
-0.35852782826990887,1,-0.1575149573734254,0,22,3,0.45949565185576624,1,0,1,-0.6089794468639935,0.7269789118453099,3,0,False,True,False,True,True,1.9466350191868773,-0.19172740429730098,1.018005178227522,0.6254537741124143,-0.13985554363104938,0.05405916299764709,2
0.37068131397397286,1,-1.7975687891304042,6,0,0,1.5702269450559863,0,4,4,1.7821281908292426,1.5654782334661979,1,0,False,False,False,False,False,-0.9873587655633144,2.4134151230149685,-1.373924281893535,1.9320935068563194,-0.8599656781268672,0.05405916299764709,1
-0.35852782826990887,0,0.19143266640465514,4,18,0,-1.8313876403696885,0,1,1,0.35538993187416235,1.5654782334661979,3,1,False,False,False,False,True,-0.21893182193826424,0.6951296262770883,-0.8955383898693237,-0.7078520756262644,-0.012735943214378846,-0.21093673404964292,1
-1.5738763986763784,1,-1.4137264029745154,3,8,0,1.0842820042808898,0,4,2,1.4650752443947799,-0.11152040977557812,6,0,False,False,False,False,False,-0.7079307860632962,0.6951296262770883,-0.41715249784511227,1.1854422310026593,-0.5563545246783438,-0.7409285281442228,1
0.8568207421365607,0,-0.8554102049295865,6,5,1,0.25123353438072443,1,2,4,0.011915906570161323,-1.7885190530173543,7,1,False,False,False,False,False,0.40978113193677695,-0.4688702263517977,-0.41715249784511227,0.838782710070603,-0.8593507249804146,-0.7409285281442228,1
-0.8446672564324966,1,0.05185361689342279,0,22,2,0.32065424020573857,3,2,0,-0.42403189477722375,-0.11152040977557812,6,3,False,True,False,False,True,-0.9873587655633144,0.0854154177571957,0.061233394179099114,0.5987876571176408,-0.17033964960519218,-0.7409285281442228,2
-0.11545811418861496,1,-0.2621992445068495,2,11,1,0.1123921227306974,4,2,5,-1.1770326425590718,1.984727894276642,1,1,False,False,False,True,False,-0.91750177068831,-0.02544171106460258,-0.41715249784511227,0.5987876571176408,0.08372385032916248,0.8490468541395171,1
-1.0877369705137905,1,0.5752750525605437,3,15,1,-1.8313876403696885,0,1,4,-1.5733488256021495,-0.11152040977557812,5,2,True,False,True,True,True,-0.7079307860632962,-1.355727256926187,0.5396192862033105,-0.4411909056785287,-0.47948538137178764,-1.005924425191513,0
0.12761159989267895,1,-1.064778779196435,4,6,0,2.0561718858310822,3,2,0,1.7821281908292426,-1.7885190530173543,6,0,False,False,False,False,False,-0.7079307860632962,0.02998685334629656,-1.373924281893535,0.945447178049697,-0.9111824901814068,0.5840509570922271,1
0.8568207421365607,1,0.7148541020717757,6,20,2,-1.4842841112446195,0,4,5,0.011915906570161323,1.984727894276642,0,3,False,False,True,True,True,0.40978113193677695,-1.5774415145697844,1.018005178227522,-0.46785702267330215,-0.6695937540750876,-1.005924425191513,2
-0.11545811418861496,1,0.1565379040268469,2,11,0,-0.5818149355194403,3,0,1,0.447863707917547,-1.7885190530173543,6,3,True,True,False,True,False,0.6892091114367952,-0.08087027547550221,0.5396192862033105,-0.20119585272556642,-0.6162685312327109,0.05405916299764709,0
-0.8446672564324966,1,-0.5413573435293142,1,21,2,0.32065424020573857,1,4,0,-1.20345372142861,-0.11152040977557812,7,1,False,False,False,False,False,0.6892091114367952,1.1939867059751825,1.018005178227522,0.25212813618558416,-0.5683021858094199,-0.4759326310969329,1
-0.35852782826990887,1,0.40080124067150336,6,5,0,-1.7619669345446745,0,3,5,1.042337982482164,-0.9500197313964661,1,0,True,True,False,True,True,-0.07921783218825514,-0.9122987416389923,0.061233394179099114,-0.14786361873601947,-0.18184805848880234,-0.4759326310969329,0
-1.0877369705137905,1,-1.5533054524857477,1,21,2,1.7090683567060134,3,4,2,0.6724428783086243,-0.11152040977557812,4,3,False,False,False,False,False,-0.49835980143828246,0.3625582398116924,-1.373924281893535,0.5454554231280934,-0.8161283038297568,-0.4759326310969329,1
-0.6015975423512028,1,-0.6460416306627383,1,16,0,0.8065991809808352,0,4,1,0.8970220486997021,-0.11152040977557812,3,4,False,False,False,False,False,-1.057215760438319,1.41570096361878,0.061233394179099114,0.35879260416467856,-0.6370012373131079,-0.21093673404964292,1
0.12761159989267895,1,-1.69288450199698,1,16,2,1.9173304741810553,0,2,0,1.8481808880030886,1.146228572655754,4,1,False,False,False,False,False,-0.9873587655633144,1.2494152703860817,-1.373924281893535,1.2121083479974326,-0.5291208853354495,1.379038648234097,1
-0.11545811418861496,0,-0.12262019499561748,4,13,0,0.3900749460307521,4,3,0,-1.1770326425590718,-0.9500197313964661,3,0,False,False,False,False,False,0.6193521165617906,1.027701012742485,0.5396192862033105,0.0387992002273956,0.16753317914568203,0.31905506004493706,1
-0.6015975423512028,1,-1.2741473534632832,4,6,1,2.1950132974811107,1,2,0,-1.2562958791676873,-0.11152040977557812,6,0,False,False,False,False,False,-0.7079307860632962,1.9145580433168743,-1.373924281893535,1.2387744649922068,-0.6522872155249259,-0.21093673404964292,1
-0.6015975423512028,1,-1.2392525910854753,2,11,1,2.125592591656097,1,1,2,0.07796860374400798,-0.11152040977557812,6,1,False,False,False,False,False,-0.91750177068831,1.748272350084176,-0.8955383898693237,1.26544058198698,-0.689711507009032,0.31905506004493706,1
-0.35852782826990887,1,1.4127493496279369,3,14,3,-1.692546228719661,4,3,3,1.214074995134164,1.984727894276642,3,0,True,False,False,False,False,-0.49835980143828246,-0.02544171106460258,1.4963910702517333,-1.241174415521736,0.897921816232205,-1.2709203222388028,0
-1.5738763986763784,1,-0.12262019499561748,1,2,0,0.32065424020573857,0,1,5,0.22328453752646965,-0.11152040977557812,7,1,False,True,False,True,True,-0.7777877809383008,0.0854154177571957,0.061233394179099114,0.4654570721437729,-0.14837703723189044,-1.2709203222388028,2
-0.8446672564324966,0,-1.4835159277301317,2,11,3,0.9454405926308622,1,0,0,-0.9788745510375328,-0.11152040977557812,8,3,False,False,False,False,False,-0.9873587655633144,2.191700865371371,-1.373924281893535,1.0254455290340179,-0.7154516887105417,0.05405916299764709,1
-0.6015975423512028,1,0.6450645773161598,5,9,3,-0.5123942296944268,3,1,5,1.702864954220627,-0.11152040977557812,0,3,False,True,True,True,True,-0.9873587655633144,0.41798680422259205,0.5396192862033105,-0.6278537246419438,-0.17517142432731855,-0.4759326310969329,0
-0.6015975423512028,1,-0.9600944920630108,2,10,2,1.153702710105904,3,1,0,-0.4900845919510704,-0.11152040977557812,6,0,False,False,False,False,False,-0.8476447758133053,1.1385581415642834,-1.373924281893535,0.5187893061333199,-0.6588759992369163,-0.4759326310969329,1
0.8568207421365607,1,-1.727779264374788,6,0,3,1.292544121755931,0,2,0,0.011915906570161323,-1.7885190530173543,5,4,False,False,False,False,False,-0.8476447758133053,0.9168438839206858,-1.373924281893535,1.7454306878929042,-0.6402517039443564,1.114042751186807,1
-0.35852782826990887,1,-0.6460416306627383,2,10,3,0.3900749460307521,1,3,1,-0.08055786947322328,1.984727894276642,7,4,False,False,False,False,False,-0.568216796313287,1.2494152703860817,-0.41715249784511227,1.1321099970131123,-0.5402778924210869,-0.4759326310969329,1
1.5860298843804423,1,-0.9949892544408189,0,17,0,2.1950132974811107,3,2,1,0.011915906570161323,0.3077292510348659,1,4,False,False,False,False,False,-0.7777877809383008,1.3048438347969817,-0.41715249784511227,0.35879260416467856,-0.8219264334963086,2.4390222364232574,1
0.37068131397397286,0,0.19143266640465514,4,4,3,-0.7900770529944822,3,3,5,-1.7715069171236886,-0.11152040977557812,0,4,True,True,False,True,True,-0.07921783218825514,-0.24715596870820014,0.5396192862033105,-0.3078603207046608,-0.599313394480522,-0.4759326310969329,0
-1.0877369705137905,1,0.05185361689342279,2,10,1,-0.44297352386941324,3,4,2,-0.8071375383855326,-0.11152040977557812,5,0,False,False,False,False,False,-0.49835980143828246,0.41798680422259205,-0.41715249784511227,-0.7611843096158116,-0.6293582482071988,-0.4759326310969329,1
-0.35852782826990887,1,0.016958854515614862,2,23,1,0.6677577693308074,0,2,0,1.3726014683513954,0.3077292510348659,2,3,False,True,False,True,False,1.4576360550618455,-0.579727355173596,-0.41715249784511227,-0.06786526775169856,0.2955312840572847,0.05405916299764709,2
0.37068131397397286,1,-1.0298840168186267,2,23,2,2.0561718858310822,3,4,0,1.716075493655396,0.3077292510348659,8,4,False,False,False,False,False,-0.6380737911882917,0.8059867550988875,0.061233394179099114,0.2787942531803576,-0.5497657409663532,-0.7409285281442228,1
0.8568207421365607,1,0.3310117159158872,1,3,0,-1.345442699594592,1,1,1,0.011915906570161323,1.146228572655754,2,0,True,True,False,False,False,0.4796381268117816,-0.5242987907626968,0.5396192862033105,-0.7345181926210379,-0.07308920201621197,1.909030442328677,0
-0.6015975423512028,1,0.7846436268273922,3,8,1,-0.3735528180443991,3,3,5,0.8970220486997021,-0.11152040977557812,7,4,False,False,False,True,True,-0.568216796313287,-1.2448701281043881,0.5396192862033105,-0.12119750174124574,-0.2828760754059904,-1.2709203222388028,1
0.12761159989267895,0,0.36590647829369544,0,12,3,0.1123921227306974,0,1,2,-1.4676645101239956,-1.3692693922069101,5,4,True,False,False,True,True,-0.6380737911882917,-0.41344166194089804,0.061233394179099114,-0.7078520756262644,-0.0545527571731453,0.8490468541395171,2
-0.35852782826990887,1,1.1684860129832806,6,0,2,-1.7619669345446745,3,0,2,-0.7675059200812248,-0.11152040977557812,5,0,True,True,True,True,False,-0.6380737911882917,-1.3002986925152877,1.018005178227522,-1.4011711174903776,-0.13098264823223543,0.05405916299764709,3
-0.35852782826990887,1,-0.052830670240001314,4,18,0,-0.3041321122193856,0,3,0,-1.4544539706892263,1.5654782334661979,7,0,False,False,False,False,False,1.387779060186841,-0.8568701772280927,0.061233394179099114,0.6787860081019612,-0.6146872231418332,0.05405916299764709,1
-0.35852782826990887,0,-1.3439368782188994,3,15,0,2.1950132974811107,1,2,4,1.4386541655252414,1.984727894276642,6,1,False,False,False,False,False,-0.6380737911882917,1.5819866568514784,-0.8955383898693237,1.8254290388772252,-0.5777021839051931,-0.21093673404964292,1
1.5860298843804423,1,-0.6809363930405462,6,0,3,0.1123921227306974,1,0,2,0.011915906570161323,-1.3692693922069101,3,4,False,False,False,False,False,-0.1490748270632596,1.0831295771533842,-0.41715249784511227,1.318772815976527,-0.7630666323358598,-0.21093673404964292,1
-0.35852782826990887,0,-0.5413573435293142,5,7,0,0.25123353438072443,1,0,0,0.9498642064387792,-1.3692693922069101,0,3,False,False,False,True,False,-0.1490748270632596,0.19627254657899448,0.5396192862033105,0.972113295044471,-0.30448728598131924,-0.21093673404964292,1
-0.35852782826990887,1,-0.471567818773698,6,0,0,0.8760198868058486,3,2,5,0.3421793924393928,-1.7885190530173543,3,0,False,False,False,True,False,1.1782080755618272,0.6397010618661891,-0.8955383898693237,0.25212813618558416,-0.0635135030214525,0.05405916299764709,1
1.3429601702991485,1,-1.2741473534632832,3,8,3,1.292544121755931,1,0,4,0.011915906570161323,-0.5307700705860221,1,0,False,False,False,False,False,-0.7079307860632962,1.027701012742485,-1.373924281893535,1.5587678689294893,-0.9205824882771799,1.379038648234097,1
-0.35852782826990887,1,-0.5413573435293142,3,15,2,-0.23471140639437146,0,3,0,-0.8864007749941479,1.5654782334661979,7,1,False,False,False,False,False,-0.91750177068831,-0.8014416128171935,-1.373924281893535,0.945447178049697,-0.5912311531271469,0.31905506004493706,1
-0.6015975423512028,1,-0.7507259177961624,3,15,2,0.04297141690568326,3,0,2,1.0159169036126254,-0.11152040977557812,6,4,False,False,False,False,False,-0.9873587655633144,0.972272448331585,-0.41715249784511227,1.4787695179451685,-0.6934012258877467,-0.4759326310969329,1
-0.11545811418861496,0,-1.5533054524857477,4,6,0,2.0561718858310822,1,3,2,1.7953387302640114,0.7269789118453099,6,0,False,False,False,False,False,-0.9873587655633144,0.3625582398116924,-1.373924281893535,0.7321182420915087,-0.9067021172572532,-0.7409285281442228,1
-1.0877369705137905,1,0.5054855278049275,1,21,1,-1.692546228719661,2,0,5,-1.0449272482113792,-0.11152040977557812,8,0,True,False,False,False,True,2.156206003811891,-0.02544171106460258,-0.41715249784511227,-0.9478471285792267,-0.5539825625420272,-1.2709203222388028,2
0.37068131397397286,1,-0.5762521059071222,2,11,1,0.8065991809808352,3,4,1,-1.295927497471995,1.984727894276642,3,4,False,False,False,True,False,0.8289231011868045,0.0854154177571957,-0.8955383898693237,1.1054438800183388,-0.11183125024271635,0.5840509570922271,1
0.6137510280552668,2,-0.5413573435293142,2,23,1,0.3900749460307521,0,2,1,0.011915906570161323,0.3077292510348659,6,1,False,False,False,False,False,-0.49835980143828246,-0.08087027547550221,0.061233394179099114,0.8654488270653765,0.25740418897723283,1.379038648234097,1
-0.6015975423512028,1,-1.3439368782188994,6,5,0,1.0842820042808898,1,4,0,-1.1770326425590718,-0.11152040977557812,6,3,False,False,False,False,False,-0.7777877809383008,1.5819866568514784,-1.373924281893535,1.452103400950395,-0.609064794374268,-1.005924425191513,1
1.0998904562178546,0,-0.29709400688465776,3,15,1,0.18181282855571093,3,1,1,0.011915906570161323,-0.9500197313964661,2,0,False,False,False,True,False,-0.6380737911882917,1.027701012742485,-0.8955383898693237,-0.361192554694208,0.16410701161544694,0.05405916299764709,1
-0.11545811418861496,1,0.6450645773161598,3,8,2,0.04297141690568326,3,3,1,0.30254777413508527,0.3077292510348659,3,2,True,True,True,False,True,-0.21893182193826424,-1.2448701281043881,0.5396192862033105,-0.38785867168898147,-0.5516984508552037,-0.7409285281442228,3
-1.8169461127576723,1,-1.3439368782188994,3,14,1,1.7090683567060134,0,0,1,0.6196007205695478,-0.11152040977557812,6,4,False,False,False,False,False,-0.9873587655633144,2.0254151721386724,-1.373924281893535,0.8121165930758291,-0.8058498012390517,-1.2709203222388028,1
1.8290995984617362,0,0.5752750525605437,0,22,1,-0.720656347169468,0,3,5,0.011915906570161323,-1.7885190530173543,1,3,True,True,True,True,True,-0.49835980143828246,-1.6328700789806836,1.018005178227522,-1.3211727665060566,-0.14556582284810776,2.1740263393759673,3
-0.8446672564324966,1,0.7846436268273922,2,23,0,-1.6231255228946473,3,0,0,1.5443384810033955,-0.11152040977557812,0,4,True,False,True,False,False,0.8289231011868045,0.5288439330443908,-0.41715249784511227,-1.3211727665060566,-0.25037140909350375,-1.2709203222388028,0
-0.11545811418861496,1,-0.29709400688465776,6,5,2,-0.16529070056935793,4,4,5,-0.23908434269045453,0.3077292510348659,5,4,False,False,False,True,False,-0.1490748270632596,0.8614153195097867,0.061233394179099114,0.2787942531803576,0.31266212170846,-0.21093673404964292,1
0.6137510280552668,1,-0.9251997296852027,0,22,2,0.8065991809808352,4,2,1,0.011915906570161323,-1.3692693922069101,7,2,False,False,False,False,False,-0.7777877809383008,1.360272399207881,-0.41715249784511227,1.1854422310026593,-0.822541386642761,-1.005924425191513,1
0.6137510280552668,1,-0.6460416306627383,5,9,3,-0.16529070056935793,3,2,0,0.011915906570161323,-1.7885190530173543,2,2,False,False,False,False,False,0.6193521165617906,-0.3025845331190993,-1.373924281893535,1.318772815976527,-0.8656759573439257,0.05405916299764709,1
0.12761159989267895,1,0.12164314164903897,5,19,1,-0.026449288919330263,3,4,3,-1.0052956299070714,0.7269789118453099,1,4,True,True,False,True,True,-0.35864581168827336,-0.41344166194089804,0.061233394179099114,-0.60118760764717,0.2378135387402475,-0.4759326310969329,0
-0.35852782826990887,0,-1.69288450199698,5,19,0,2.264434003306124,1,1,2,1.2272855345689337,1.984727894276642,4,4,False,False,False,False,False,-0.9873587655633144,2.4134151230149685,-1.373924281893535,1.0254455290340179,-0.7016591681401081,-0.21093673404964292,1
-0.8446672564324966,0,0.3310117159158872,0,22,3,-0.3735528180443991,4,4,1,1.10839067965601,-0.11152040977557812,5,2,True,False,False,False,True,0.8987800960618088,-1.355727256926187,0.5396192862033105,0.4121248381542255,-0.1632237631962424,-0.21093673404964292,2
0.12761159989267895,0,-1.204357828707667,4,6,0,1.7090683567060134,1,0,2,1.4650752443947799,1.5654782334661979,6,2,False,False,False,False,False,-0.7777877809383008,1.6928437856732768,-0.8955383898693237,1.4787695179451685,-0.6225937635962218,-0.7409285281442228,1
0.12761159989267895,1,-0.08772543261780924,6,20,0,-0.44297352386941324,3,4,5,0.3421793924393928,0.7269789118453099,6,1,False,False,False,True,True,0.4796381268117816,-0.6905844839953947,-0.8955383898693237,-0.3345264376994343,-0.41834146852451554,0.5840509570922271,1
-0.6015975423512028,0,0.08674837927123104,0,12,1,0.32065424020573857,4,2,1,-1.7054542199498421,-0.11152040977557812,1,0,False,True,False,True,True,-0.4285028065632779,-0.579727355173596,0.061233394179099114,0.8121165930758291,-0.6238236698891267,-0.4759326310969329,2
-0.8446672564324966,0,0.7497488644495842,1,3,0,-1.4148634054196056,3,2,4,1.9142335851769352,-0.11152040977557812,0,3,True,True,True,True,True,-0.91750177068831,-1.6328700789806836,1.018005178227522,-0.2545280867151136,-0.5725190073850939,-0.21093673404964292,3
-0.8446672564324966,0,0.5752750525605437,5,19,1,-0.026449288919330263,3,1,0,0.30254777413508527,-0.11152040977557812,0,3,True,True,False,True,False,0.4796381268117816,-0.8014416128171935,0.061233394179099114,-0.5211892566628493,-0.22015085446784058,-0.4759326310969329,0
0.12761159989267895,1,0.7497488644495842,2,10,3,-1.345442699594592,0,2,5,-1.5337172072978416,-0.5307700705860221,0,1,True,True,True,False,False,0.8987800960618088,0.5288439330443908,0.5396192862033105,-0.7345181926210379,-0.24922935325009213,0.31905506004493706,3
-1.0877369705137905,1,-1.7975687891304042,5,19,2,1.153702710105904,1,2,2,0.1176002220483155,-0.11152040977557812,4,3,False,False,False,False,False,-0.91750177068831,0.3625582398116924,-1.373924281893535,1.6121001029190363,-0.8813133373537164,0.05405916299764709,1
-0.35852782826990887,0,0.7846436268273922,5,19,3,-1.345442699594592,3,4,5,-1.0977694059504564,0.7269789118453099,7,2,False,True,False,True,True,0.2700671421867677,-0.8568701772280927,1.018005178227522,-1.3478388835008301,-0.09461256214204772,0.8490468541395171,2
-1.0877369705137905,1,0.2612221911602713,2,10,2,-0.720656347169468,3,0,1,-0.5165056708206089,-0.11152040977557812,0,0,False,False,False,False,True,-0.91750177068831,0.6951296262770883,0.061233394179099114,0.19879590219603718,-0.8196423218094852,-1.005924425191513,1
0.8568207421365607,0,0.7846436268273922,0,12,0,-0.3735528180443991,4,3,5,0.011915906570161323,-0.5307700705860221,5,3,True,True,False,False,True,-0.568216796313287,-0.8014416128171935,0.5396192862033105,-0.8411826606001322,0.34376118082905516,2.1740263393759673,0
0.37068131397397286,1,-1.5533054524857477,2,10,1,0.9454405926308622,1,4,0,-0.9920850904723021,0.7269789118453099,6,3,False,False,False,False,False,-0.9873587655633144,0.3625582398116924,-1.373924281893535,0.9187810610549235,-0.5495021896178736,1.379038648234097,1
-0.6015975423512028,0,0.05185361689342279,2,23,3,-0.3735528180443991,0,3,4,-0.7410848412116863,-0.11152040977557812,4,0,False,True,False,True,True,0.20021014731176323,-0.24715596870820014,-0.41715249784511227,-0.06786526775169856,-0.6663432874438389,-0.7409285281442228,2
-0.11545811418861496,1,-0.12262019499561748,5,9,2,-0.23471140639437146,1,1,1,-1.3487696552110722,-0.9500197313964661,3,4,False,False,False,True,False,-0.91750177068831,-1.023155870460791,0.061233394179099114,0.1721297852012637,0.17561542049905696,-0.4759326310969329,1
-0.8446672564324966,0,-1.6230949772413639,2,10,3,2.264434003306124,1,0,4,1.0951801402212409,-0.11152040977557812,7,4,False,False,False,False,False,-0.8476447758133053,0.58427249745529,-1.373924281893535,1.2121083479974326,-0.8812254869042233,-1.005924425191513,1
0.12761159989267895,0,0.12164314164903897,2,23,2,0.8065991809808352,0,1,1,-1.4808750495587648,1.5654782334661979,5,2,False,True,False,True,True,-0.1490748270632596,-0.579727355173596,-0.41715249784511227,0.5987876571176408,0.12290515080313275,-1.005924425191513,2
1.5860298843804423,0,-0.7856206801739705,3,15,2,-0.0958699947443444,0,3,1,0.011915906570161323,-1.3692693922069101,1,1,False,False,False,False,False,-0.28878881681326873,1.027701012742485,-0.8955383898693237,0.8121165930758291,-0.5969414323442054,2.4390222364232574,1
0.37068131397397286,1,-0.052830670240001314,4,4,3,0.8760198868058486,0,1,0,0.9102325881344712,0.7269789118453099,2,0,False,True,False,True,False,1.1083510806868226,0.7505581906879883,0.061233394179099114,0.0921314342169428,0.08319674763220322,-0.7409285281442228,2
-1.0877369705137905,0,1.0986964882276649,6,5,2,-0.720656347169468,3,2,1,0.9234431275692407,-0.11152040977557812,6,0,False,True,True,True,False,1.038494085811818,-0.02544171106460258,0.5396192862033105,-0.2545280867151136,-0.31467793812253125,0.05405916299764709,3
-0.35852782826990887,1,0.47059076542711953,5,7,0,-1.7619669345446745,3,4,3,-0.8335586172550712,-1.7885190530173543,2,3,True,True,True,True,True,-0.4285028065632779,-0.02544171106460258,1.4963910702517333,-0.4411909056785287,0.2068901805186388,-0.4759326310969329,3
0.12761159989267895,0,-0.12262019499561748,0,12,1,-0.3041321122193856,0,2,0,1.10839067965601,-0.9500197313964661,3,1,False,False,False,False,True,-0.49835980143828246,-0.02544171106460258,0.061233394179099114,-0.06786526775169856,-0.15057329846922063,0.31905506004493706,1
-0.11545811418861496,1,-1.7626740267525958,5,9,3,1.8479097683560417,3,3,2,0.17044237978739257,1.984727894276642,6,3,False,False,False,False,False,-0.91750177068831,1.360272399207881,-1.373924281893535,2.065424091830187,-0.5333377069111236,0.31905506004493706,1
-1.0877369705137905,1,-0.6809363930405462,6,5,0,0.04297141690568326,1,0,1,-0.4108213553424548,-0.11152040977557812,2,0,False,False,False,False,False,-0.1490748270632596,-0.19172740429730098,-0.8955383898693237,1.1587761140078858,-0.6253171275305112,-1.005924425191513,1
-1.5738763986763784,0,0.4356960030493116,6,5,1,-1.6231255228946473,4,0,1,-0.4504529736467623,-0.11152040977557812,8,2,False,True,False,True,True,-1.057215760438319,0.0854154177571957,0.061233394179099114,0.2787942531803576,-0.15847983892360917,-0.7409285281442228,2
0.12761159989267895,1,-0.471567818773698,4,4,3,0.8065991809808352,0,2,1,-0.31834757929907015,-0.11152040977557812,3,0,False,False,False,True,False,-0.35864581168827336,-0.3025845331190993,0.061233394179099114,-0.3345264376994343,-0.668539548681169,1.114042751186807,1
-0.35852782826990887,1,0.4356960030493116,3,14,1,0.04297141690568326,4,1,4,1.346180389481857,-0.11152040977557812,7,3,True,False,False,True,True,1.1782080755618272,0.0854154177571957,0.5396192862033105,-0.28119420370988735,0.22375746682133443,0.05405916299764709,2
0.37068131397397286,0,1.831486498161634,0,22,2,-0.9983391704695234,3,1,5,-0.7542953806464555,-0.11152040977557812,7,0,True,True,False,False,True,0.40978113193677695,-1.355727256926187,1.018005178227522,-1.054511596558321,-0.12597517261112268,1.379038648234097,3
-1.0877369705137905,1,-0.5413573435293142,2,23,0,0.5289163576807798,0,0,4,-1.6790331410803037,-0.11152040977557812,3,0,False,False,False,True,False,-0.49835980143828246,-0.24715596870820014,0.5396192862033105,-0.4411909056785287,-0.30844055620851357,-0.21093673404964292,1
-0.8446672564324966,1,0.8893279139608159,0,17,0,-0.720656347169468,3,2,0,1.2669171528732412,-0.11152040977557812,4,1,False,False,False,True,False,0.2700671421867677,-0.19172740429730098,1.018005178227522,-1.5611678194590188,0.12966963541410978,-0.7409285281442228,2
1.3429601702991485,0,-0.471567818773698,0,1,2,0.6677577693308074,1,4,1,0.011915906570161323,-1.3692693922069101,1,3,False,False,False,True,False,0.8289231011868045,0.6397010618661891,-0.41715249784511227,0.43879095514899946,-0.2572237441539739,1.909030442328677,1
-0.11545811418861496,1,0.08674837927123104,1,3,0,-0.23471140639437146,3,1,0,-1.6394015227759957,0.3077292510348659,6,1,False,False,False,True,True,1.667207039686859,-0.579727355173596,-0.8955383898693237,-0.12119750174124574,-0.21496767794774133,0.05405916299764709,1
-0.11545811418861496,1,-0.2621992445068495,2,11,1,0.18181282855571093,3,0,2,0.38181101074370094,0.3077292510348659,6,4,False,False,False,True,False,-0.28878881681326873,-0.13629883988640135,-0.41715249784511227,0.6787860081019612,-0.05991163459223092,-0.4759326310969329,1
-0.35852782826990887,1,-1.2392525910854753,0,17,1,1.9867511800060687,0,0,5,-0.05413679060368474,-1.7885190530173543,1,0,False,False,False,False,False,-0.4285028065632779,0.6951296262770883,-0.8955383898693237,0.945447178049697,-0.7532273819926206,0.31905506004493706,1
-0.8446672564324966,1,-1.69288450199698,3,15,3,1.8479097683560417,1,3,0,0.8309693515258555,-0.11152040977557812,6,1,False,False,False,False,False,-0.91750177068831,2.3025579941931693,-1.373924281893535,2.252086910793603,-0.9139937045651894,-0.21093673404964292,1
-0.6015975423512028,0,-0.8554102049295865,1,16,2,-0.5123942296944268,3,2,1,1.3593909289166257,-0.11152040977557812,3,4,False,False,False,False,False,0.3399241370617723,1.360272399207881,-0.8955383898693237,1.0254455290340179,-0.5177881773508258,0.05405916299764709,1
-0.6015975423512028,0,-0.506462581151506,0,22,1,0.18181282855571093,1,0,0,0.3950215501784699,-0.11152040977557812,7,2,False,False,False,True,False,-0.9873587655633144,-0.19172740429730098,-0.8955383898693237,-0.28119420370988735,0.19924719141272973,-0.4759326310969329,1
0.8568207421365607,1,0.7846436268273922,2,11,2,-1.0677598762945368,2,2,3,0.011915906570161323,1.146228572655754,1,1,False,False,True,True,True,0.20021014731176323,-0.8014416128171935,0.061233394179099114,0.0387992002273956,0.05367899660248567,0.31905506004493706,2
0.12761159989267895,1,0.08674837927123104,4,18,2,-0.0958699947443444,1,1,2,-0.1201894877775308,-0.11152040977557812,7,2,False,True,False,True,True,-0.21893182193826424,0.3625582398116924,0.061233394179099114,0.33212648716990506,0.06509955503660256,-0.4759326310969329,2
-1.3308066845950846,1,-1.2392525910854753,4,13,2,1.4313855334059586,1,0,4,-0.4372424342119933,-0.11152040977557812,6,3,False,False,False,False,False,-0.568216796313287,-0.19172740429730098,-1.373924281893535,0.5454554231280934,-0.6352442283232437,-0.7409285281442228,1
1.5860298843804423,1,-0.9600944920630108,1,16,2,1.8479097683560417,1,1,2,0.011915906570161323,-1.3692693922069101,6,4,False,False,False,False,False,-0.28878881681326873,0.8614153195097867,-1.373924281893535,1.2121083479974326,-0.6631806712620835,1.644034545281387,1
-1.3308066845950846,0,0.29611695353807926,4,6,2,-0.720656347169468,3,2,5,1.3197593106123182,-0.11152040977557812,1,0,False,False,False,True,False,-0.49835980143828246,-0.579727355173596,1.018005178227522,-0.014533033762151596,-0.44179753853920184,-0.21093673404964292,1
1.5860298843804423,0,-1.5882002148635557,1,3,2,1.2231234159309174,0,1,0,0.011915906570161323,1.5654782334661979,6,1,False,False,False,False,False,-0.91750177068831,1.1385581415642834,-0.8955383898693237,2.0920902088249607,-0.709214306796524,1.379038648234097,1
-0.35852782826990887,1,0.5403802901827357,3,8,2,-1.5537048170696333,4,4,0,-1.8771912326018423,0.3077292510348659,5,2,False,True,False,True,False,1.4576360550618455,0.4734153686334912,1.018005178227522,-0.4411909056785287,-0.62610778157595,0.05405916299764709,2
-0.11545811418861496,1,-0.471567818773698,3,8,1,-0.16529070056935793,3,0,0,-0.0277157117341462,-1.3692693922069101,2,4,False,False,False,True,False,-0.49835980143828246,1.027701012742485,0.061233394179099114,-0.22786196972034015,-0.09083499281383987,-1.005924425191513,1
0.37068131397397286,0,-0.471567818773698,6,0,2,0.18181282855571093,0,3,4,-1.03171670877661,1.146228572655754,5,2,False,False,False,True,False,-0.4285028065632779,0.3071296754007933,0.061233394179099114,0.06546531722216932,-0.7564778486238694,1.644034545281387,1
-1.0877369705137905,1,-0.5762521059071222,2,11,3,-0.0958699947443444,3,4,1,-0.38440027647291625,-0.11152040977557812,1,2,False,False,False,False,False,0.3399241370617723,0.02998685334629656,-0.41715249784511227,0.33212648716990506,-0.24000505605330527,-1.005924425191513,1
0.12761159989267895,0,-0.8903049673073946,1,16,1,-0.23471140639437146,1,2,4,0.7517061149172399,-0.9500197313964661,8,1,False,False,False,False,False,0.2700671421867677,-0.4688702263517977,-0.41715249784511227,0.0921314342169428,-0.5644367660317188,1.379038648234097,1
-1.0877369705137905,0,-0.2621992445068495,1,2,0,0.04297141690568326,3,0,5,0.38181101074370094,-0.11152040977557812,5,0,False,False,False,False,False,-0.7777877809383008,0.7505581906879883,-0.8955383898693237,-0.4411909056785287,-0.6180255402225752,-0.4759326310969329,1
1.0998904562178546,1,0.016958854515614862,6,0,0,0.1123921227306974,0,2,1,0.011915906570161323,1.146228572655754,7,0,False,True,False,False,True,-1.057215760438319,0.58427249745529,1.018005178227522,0.6787860081019612,-0.6571189902470522,-0.4759326310969329,2
0.8568207421365607,1,-0.1575149573734254,2,10,1,-0.026449288919330263,3,4,4,0.011915906570161323,-1.7885190530173543,1,3,False,True,False,True,False,-0.9873587655633144,-0.24715596870820014,-0.41715249784511227,0.25212813618558416,-0.253446174825766,-0.21093673404964292,2
-1.0877369705137905,0,0.016958854515614862,3,15,2,0.04297141690568326,3,4,4,1.3329698500470872,-0.11152040977557812,7,3,False,True,False,False,True,-0.21893182193826424,-0.8568701772280927,0.061233394179099114,0.2787942531803576,-0.4221190378527234,-1.005924425191513,2
0.8568207421365607,1,0.5752750525605437,4,6,0,0.1123921227306974,2,2,5,0.011915906570161323,0.3077292510348659,0,0,False,True,True,True,True,-1.057215760438319,0.02998685334629656,-0.41715249784511227,0.0921314342169428,0.33286772509189766,1.114042751186807,0
-0.11545811418861496,1,-0.052830670240001314,0,17,0,-0.16529070056935793,1,2,3,1.7953387302640114,1.146228572655754,7,1,False,True,False,True,True,-0.91750177068831,-0.5242987907626968,1.018005178227522,0.8121165930758291,-0.6321694625909814,-0.4759326310969329,2
-1.5738763986763784,0,-1.064778779196435,3,8,1,0.8760198868058486,1,2,2,0.36860047130893137,-0.11152040977557812,6,0,False,False,False,False,False,-0.009360837313250513,0.8059867550988875,-1.373924281893535,1.532101751934716,-0.5944816197583956,-1.2709203222388028,1
1.0998904562178546,0,0.36590647829369544,6,5,0,-0.9289184646445092,0,0,1,0.011915906570161323,-1.7885190530173543,5,1,True,True,False,True,False,-0.07921783218825514,0.19627254657899448,0.061233394179099114,-0.22786196972034015,0.26566213122959426,-0.21093673404964292,0
0.37068131397397286,1,0.2612221911602713,4,13,1,0.18181282855571093,0,3,1,0.6988639571781629,1.146228572655754,3,4,True,False,False,True,True,-0.91750177068831,0.41798680422259205,0.061233394179099114,-0.7078520756262644,0.3111686640670753,1.379038648234097,2
0.37068131397397286,1,-1.2741473534632832,1,21,1,1.6396476508809998,0,0,1,1.346180389481857,-1.3692693922069101,6,1,False,False,False,False,False,-1.057215760438319,0.972272448331585,-0.41715249784511227,0.7587843590862822,-0.6747769305951868,-0.7409285281442228,1
1.8290995984617362,0,-0.08772543261780924,5,19,1,0.5983370635057933,1,3,2,0.011915906570161323,-0.9500197313964661,1,3,False,True,False,True,False,-1.057215760438319,-0.7460130484062943,-0.41715249784511227,0.7054521250967352,-0.06948733358699051,-0.21093673404964292,2
1.3429601702991485,1,-0.08772543261780924,5,19,3,0.3900749460307521,0,1,4,0.011915906570161323,0.3077292510348659,7,3,False,False,False,False,False,0.1303531524367586,0.19627254657899448,-0.41715249784511227,0.7854504760810557,0.0670322649254531,0.8490468541395171,1
-0.35852782826990887,1,-0.471567818773698,6,0,2,0.1123921227306974,3,2,4,-1.335559115776303,1.5654782334661979,6,3,False,False,False,True,False,1.5274930499368502,-0.8014416128171935,0.061233394179099114,0.14546366820648976,0.09224534393000355,0.31905506004493706,1
-0.8446672564324966,0,-0.5413573435293142,3,8,2,0.18181282855571093,0,3,0,-0.38440027647291625,-0.11152040977557812,5,3,False,False,False,True,False,-0.1490748270632596,0.6397010618661891,0.061233394179099114,0.7587843590862822,-0.7404012163666125,0.05405916299764709,1
-1.0877369705137905,0,-0.3319887692624657,6,20,3,0.3900749460307521,0,2,4,-0.3976108159076852,-0.11152040977557812,5,4,False,False,False,True,False,1.1782080755618272,1.0831295771533842,-0.8955383898693237,0.385458721159452,-0.8319413847385342,-0.21093673404964292,1
0.37068131397397286,1,-0.19240971975123367,2,23,1,0.3900749460307521,3,3,0,1.1876539162646256,-1.3692693922069101,1,2,False,True,False,True,False,-0.8476447758133053,-0.579727355173596,0.061233394179099114,0.6787860081019612,0.21769578580630317,-0.4759326310969329,2
-1.0877369705137905,0,-0.40177829401808185,2,23,0,0.1123921227306974,3,1,5,-0.3447686581686087,-0.11152040977557812,6,4,False,False,False,True,False,0.40978113193677695,-0.8014416128171935,-0.41715249784511227,0.7321182420915087,0.35017426364205945,-0.4759326310969329,1
0.12761159989267895,1,0.29611695353807926,3,14,1,-0.6512356413444544,4,2,5,1.3858120077861644,-0.5307700705860221,0,3,False,True,False,True,True,-0.35864581168827336,0.6951296262770883,-0.41715249784511227,-0.6811859586314909,0.3253125864354817,-0.7409285281442228,2
-0.35852782826990887,1,-1.5533054524857477,5,7,0,2.0561718858310822,1,2,2,-0.38440027647291625,1.984727894276642,2,2,False,False,False,False,False,-0.7777877809383008,1.9145580433168743,-0.8955383898693237,0.5721215401228673,-0.6010704034703861,-1.005924425191513,1
0.37068131397397286,0,0.08674837927123104,0,22,2,-0.23471140639437146,3,3,0,0.9498642064387792,-0.5307700705860221,5,1,False,True,False,True,False,-0.8476447758133053,-0.4688702263517977,-0.8955383898693237,0.4921231891385464,0.357641551848982,-1.2709203222388028,2
-0.11545811418861496,0,-0.9949892544408189,4,18,1,1.7784890625310281,1,4,2,0.2893372347003163,-0.9500197313964661,6,0,False,False,False,False,False,-0.21893182193826424,1.1939867059751825,-1.373924281893535,0.8121165930758291,-0.8041806426986808,0.05405916299764709,1
-1.0877369705137905,0,1.0986964882276649,6,20,2,-1.8313876403696885,0,0,1,-0.9260323932984558,-0.11152040977557812,5,4,False,True,True,False,True,-0.7079307860632962,-1.7991557722133815,1.018005178227522,-0.8411826606001322,-0.13221255452514033,-0.4759326310969329,3
-0.11545811418861496,0,0.05185361689342279,2,11,1,0.32065424020573857,3,3,0,0.025126446004930886,-0.11152040977557812,6,3,False,False,False,False,True,1.1083510806868226,0.8614153195097867,1.018005178227522,0.4921231891385464,-0.21523122929622096,0.05405916299764709,1
-0.6015975423512028,1,0.1565379040268469,0,1,1,-0.23471140639437146,2,2,5,-0.23908434269045453,-0.11152040977557812,7,2,False,False,False,True,True,-0.49835980143828246,-0.7460130484062943,0.5396192862033105,-0.17452973573079295,-0.21356207075585004,-0.4759326310969329,1
-0.11545811418861496,0,-0.29709400688465776,2,23,0,0.737178475155821,0,1,5,1.861391427437858,-1.3692693922069101,5,0,False,False,False,True,False,-0.7777877809383008,1.1385581415642834,-0.8955383898693237,-0.14786361873601947,0.20126775175107342,0.5840509570922271,1
-1.0877369705137905,1,0.4356960030493116,5,9,0,-0.3735528180443991,0,4,1,1.5311279415686265,-0.11152040977557812,5,2,True,True,False,True,True,0.40978113193677695,-0.6351559195844956,-0.41715249784511227,0.2787942531803576,-0.3318966262231999,-0.4759326310969329,0
0.37068131397397286,0,-1.5184106901079397,6,0,2,1.5702269450559863,1,3,2,0.8573904303953941,1.984727894276642,7,2,False,False,False,False,False,-0.91750177068831,1.0831295771533842,-0.8955383898693237,1.7454306878929042,-0.5661059245720897,0.05405916299764709,1
-0.11545811418861496,1,-0.61114686828493,5,9,2,0.3900749460307521,0,3,4,-1.335559115776303,-1.3692693922069101,3,0,False,False,False,False,False,-0.8476447758133053,0.3625582398116924,0.061233394179099114,0.2787942531803576,-0.5863993784050205,0.8490468541395171,1
-1.0877369705137905,1,-0.5762521059071222,1,21,0,-0.44297352386941324,3,1,0,1.2272855345689337,-0.11152040977557812,2,4,False,False,False,False,False,-0.7777877809383008,0.02998685334629656,0.061233394179099114,-0.38785867168898147,-0.0021938892751939797,0.05405916299764709,1
-0.6015975423512028,0,-1.6230949772413639,5,9,3,0.9454405926308622,0,3,4,-0.8071375383855326,-0.11152040977557812,8,3,False,False,False,False,False,-0.568216796313287,0.6397010618661891,-1.373924281893535,1.1321099970131123,-0.9234815531104559,0.31905506004493706,1
-0.35852782826990887,1,0.19143266640465514,0,1,1,-1.345442699594592,4,4,1,1.4386541655252414,-0.11152040977557812,8,0,True,True,False,True,False,-0.7777877809383008,-0.19172740429730098,-0.8955383898693237,-0.041199150756925075,0.11043038697509747,0.5840509570922271,0
-1.3308066845950846,1,0.12164314164903897,2,23,1,-0.720656347169468,4,0,4,1.3858120077861644,-0.11152040977557812,1,4,True,False,False,True,False,1.876778024311873,-1.0785844348716902,-0.8955383898693237,-0.20119585272556642,0.038393018390667694,-1.2709203222388028,2
-1.5738763986763784,1,0.7497488644495842,4,13,2,0.18181282855571093,4,0,5,-1.7582963776889193,-0.11152040977557812,7,3,True,False,False,False,False,2.0164920140618823,-0.8014416128171935,1.018005178227522,0.14546366820648976,-0.5975563854906578,-0.4759326310969329,2
0.8568207421365607,1,1.0986964882276649,6,0,2,-1.2066012879445644,0,1,5,0.011915906570161323,1.146228572655754,1,0,True,True,True,True,False,1.9466350191868773,-0.19172740429730098,1.018005178227522,-1.1878421815321887,0.5718209477134206,1.644034545281387,3
-0.35852782826990887,1,-0.7507259177961624,5,19,0,0.8065991809808352,3,0,2,1.0687590613517024,-0.9500197313964661,5,0,False,False,False,False,False,-0.28878881681326873,1.1939867059751825,-1.373924281893535,0.9987794120392444,-0.6695059036255944,0.8490468541395171,1
-1.3308066845950846,1,0.6450645773161598,2,23,2,-0.23471140639437146,4,2,5,0.4082320896132395,-0.11152040977557812,2,3,True,False,True,True,True,1.7370640345618638,-0.35801309752999894,0.5396192862033105,-0.09453138474647227,-0.2176031914325375,-0.4759326310969329,0
1.3429601702991485,1,-0.052830670240001314,6,5,3,0.18181282855571093,3,0,5,0.011915906570161323,0.7269789118453099,1,1,False,True,False,True,True,0.06049615756175412,-0.41344166194089804,0.061233394179099114,0.06546531722216932,-0.7109713157863881,2.1740263393759673,2
-1.5738763986763784,1,-0.7507259177961624,4,13,1,0.737178475155821,3,4,4,-1.4280328918196878,-0.11152040977557812,2,4,False,False,False,False,False,-0.009360837313250513,0.4734153686334912,-0.8955383898693237,0.5187893061333199,-0.7882797113404103,-0.7409285281442228,1
-1.0877369705137905,0,0.12164314164903897,4,18,3,-0.0958699947443444,2,0,1,-0.8731902355593787,-0.11152040977557812,3,1,True,False,False,True,True,0.5494951216867859,0.0854154177571957,0.061233394179099114,-0.46785702267330215,-0.19203871063001432,-1.005924425191513,2
-0.6015975423512028,1,-0.9251997296852027,6,5,1,2.125592591656097,0,4,1,-0.6750321440378402,-0.11152040977557812,1,0,False,False,False,False,False,-0.7777877809383008,0.3071296754007933,-1.373924281893535,0.945447178049697,-0.7106199139884153,-0.21093673404964292,1
-1.3308066845950846,0,0.08674837927123104,4,6,3,-0.026449288919330263,3,2,0,-1.4016118129501491,-0.11152040977557812,7,0,False,False,False,False,True,-0.4285028065632779,-1.023155870460791,0.5396192862033105,-0.5745214906523965,-0.18026675039792453,-1.005924425191513,1
-0.35852782826990887,1,0.7148541020717757,1,21,1,-1.2066012879445644,3,4,1,-1.8771912326018423,-0.5307700705860221,3,2,False,False,True,False,True,-0.28878881681326873,-0.9677273060498914,0.061233394179099114,-0.8411826606001322,-0.5570573282742894,-1.2709203222388028,2
-1.3308066845950846,1,-1.9022530762638281,3,8,3,1.2231234159309174,1,2,4,1.5311279415686265,-0.11152040977557812,6,4,False,False,False,False,False,-1.057215760438319,2.0254151721386724,-1.373924281893535,2.358751378772697,-0.7874890572949714,-1.005924425191513,1
-0.8446672564324966,0,-0.8554102049295865,5,19,3,-0.0958699947443444,4,2,0,-1.6526120622107652,-0.11152040977557812,0,2,False,False,False,False,False,-0.568216796313287,1.5265580924405784,-0.41715249784511227,0.8654488270653765,-0.7158909409580076,-1.2709203222388028,1
-0.11545811418861496,0,-1.4486211653523235,3,8,1,1.500806239230973,1,0,0,1.716075493655396,-0.5307700705860221,6,3,False,False,False,False,False,-0.568216796313287,1.9145580433168743,-0.8955383898693237,1.2121083479974326,-0.8311507306930953,1.114042751186807,1
0.6137510280552668,0,1.2382755377388965,1,3,2,-0.026449288919330263,4,0,1,0.011915906570161323,-0.9500197313964661,6,4,False,False,True,True,False,-0.35864581168827336,-2.0762985942678784,1.018005178227522,-1.2145082985269622,0.11780982473252676,1.379038648234097,0
-1.3308066845950846,0,-0.6460416306627383,4,6,2,-0.5123942296944268,3,1,5,0.791337733221548,-0.11152040977557812,0,3,False,False,False,False,False,-0.7777877809383008,0.3625582398116924,0.061233394179099114,0.25212813618558416,-0.8527619412684242,-1.005924425191513,1
0.37068131397397286,1,-0.9251997296852027,1,2,0,2.1950132974811107,1,0,0,-0.46366351308153186,1.146228572655754,6,0,False,False,False,False,False,-0.91750177068831,0.6397010618661891,-1.373924281893535,0.25212813618558416,-0.5360610708454129,-0.7409285281442228,1
-1.0877369705137905,1,-0.8205154425517786,1,2,1,-0.5123942296944268,3,3,4,-1.1109799453852256,-0.11152040977557812,4,4,False,False,False,False,False,-0.7777877809383008,1.2494152703860817,-0.8955383898693237,0.5721215401228673,-0.6227694644952083,-0.4759326310969329,1
1.3429601702991485,1,-0.471567818773698,1,21,2,0.3900749460307521,1,3,0,0.011915906570161323,1.984727894276642,1,4,False,False,False,True,False,0.5494951216867859,1.2494152703860817,0.061233394179099114,-0.28119420370988735,0.020471526694053412,-0.7409285281442228,1
0.6137510280552668,1,-0.8205154425517786,5,19,3,-0.16529070056935793,3,3,3,0.011915906570161323,-1.7885190530173543,4,4,False,False,False,False,False,-0.4285028065632779,0.3071296754007933,-0.41715249784511227,0.7854504760810557,-0.6365619850656417,1.114042751186807,1
0.37068131397397286,2,-0.61114686828493,0,22,0,0.5983370635057933,3,2,1,-1.137401024254764,1.5654782334661979,0,0,False,False,False,False,False,-0.9873587655633144,-0.3025845331190993,-0.8955383898693237,0.6787860081019612,-0.7723787799821398,-0.4759326310969329,1
-1.0877369705137905,1,1.831486498161634,6,0,0,-1.692546228719661,3,2,5,-1.3619801946458414,-0.11152040977557812,3,3,False,True,False,True,False,0.9686370909368134,-1.688298643391583,1.4963910702517333,-1.4278372344851509,1.1235217705307607,-0.4759326310969329,0
1.5860298843804423,1,0.9591174387164324,5,9,1,-0.9289184646445092,3,1,5,0.011915906570161323,1.5654782334661979,1,4,False,False,False,True,False,-0.009360837313250513,-0.6351559195844956,1.018005178227522,-1.1611760645374152,1.3504394815717142,-1.2709203222388028,2
0.8568207421365607,1,-1.3439368782188994,0,1,0,1.9173304741810553,0,1,4,0.011915906570161323,-0.11152040977557812,6,2,False,False,False,False,False,-0.91750177068831,1.41570096361878,-1.373924281893535,1.7187645708981307,-0.8692778257731472,-1.005924425191513,1
-1.0877369705137905,2,-0.506462581151506,2,23,0,0.32065424020573857,0,1,2,1.570759559872934,-0.11152040977557812,0,0,False,False,False,False,False,-0.9873587655633144,1.2494152703860817,-0.8955383898693237,-0.14786361873601947,-0.70965355904399,-1.2709203222388028,1
-1.3308066845950846,0,-0.40177829401808185,6,5,3,0.45949565185576624,1,0,4,-1.295927497471995,-0.11152040977557812,6,2,False,False,False,True,False,-0.8476447758133053,-0.6351559195844956,-0.8955383898693237,1.0254455290340179,-0.83484044957181,-1.005924425191513,1
-0.8446672564324966,1,-1.099673541574243,1,2,1,1.8479097683560417,3,4,0,-0.7014532229073784,-0.11152040977557812,6,2,False,False,False,False,False,1.3179220653118362,1.1939867059751825,-1.373924281893535,1.2121083479974326,-0.6548348785602289,-1.2709203222388028,1
-0.8446672564324966,1,0.3310117159158872,5,7,0,-0.5123942296944268,3,1,3,0.5139164050913936,-0.11152040977557812,1,4,False,False,False,True,True,-0.6380737911882917,-0.3025845331190993,1.018005178227522,-0.60118760764717,-0.49160874340185023,-0.4759326310969329,1
1.0998904562178546,0,-0.471567818773698,3,15,1,0.18181282855571093,0,3,1,0.011915906570161323,-0.9500197313964661,5,4,False,False,False,True,False,-0.009360837313250513,1.2494152703860817,-0.8955383898693237,0.5454554231280934,-0.6083619907783223,1.909030442328677,1
1.5860298843804423,1,-1.5533054524857477,5,7,0,1.361964827580945,0,3,2,0.011915906570161323,0.3077292510348659,6,3,False,False,False,False,False,-0.9873587655633144,0.02998685334629656,-1.373924281893535,0.8654488270653765,-0.7899488698807812,2.1740263393759673,1
-0.11545811418861496,1,0.7497488644495842,3,15,2,0.1123921227306974,4,2,2,-1.8904017720366117,1.984727894276642,2,2,False,False,False,False,False,-0.28878881681326873,-1.6328700789806836,1.018005178227522,-1.0811777135530942,-0.3119545741882419,-1.005924425191513,1
-0.8446672564324966,0,-0.12262019499561748,0,22,2,0.737178475155821,4,0,1,0.23649507696123923,-0.11152040977557812,0,3,False,True,False,True,False,-0.8476447758133053,-0.9677273060498914,-0.41715249784511227,0.4921231891385464,0.15962663869129334,-0.7409285281442228,2
-0.8446672564324966,0,0.8195383892052001,4,18,2,-1.2760219937695783,3,0,5,-1.4544539706892263,-0.11152040977557812,7,0,True,True,False,False,False,-0.009360837313250513,-1.854584336624281,1.9747769622759448,-1.0278454795635474,0.8379199592283446,-0.4759326310969329,3
-0.35852782826990887,1,-0.7856206801739705,0,22,1,-0.3041321122193856,4,1,4,-1.2695064186024565,-1.7885190530173543,2,0,False,False,False,False,False,-0.91750177068831,0.5288439330443908,-1.373924281893535,0.4921231891385464,-0.6831227232970415,-0.21093673404964292,1
0.8568207421365607,0,-0.8554102049295865,3,15,1,-0.16529070056935793,0,0,4,0.011915906570161323,1.5654782334661979,6,0,False,False,False,False,False,-0.35864581168827336,0.41798680422259205,-1.373924281893535,0.5454554231280934,-0.6561526353026269,0.31905506004493706,1
1.8290995984617362,0,0.08674837927123104,5,7,1,0.5289163576807798,4,4,1,0.011915906570161323,-1.7885190530173543,5,0,False,True,False,False,True,-0.009360837313250513,0.6951296262770883,0.061233394179099114,0.33212648716990506,-0.1654200244335726,-0.7409285281442228,2
-0.35852782826990887,1,0.19143266640465514,4,4,0,-0.5818149355194403,0,2,4,1.3593909289166257,-0.5307700705860221,1,3,True,False,False,True,True,1.3179220653118362,-0.3025845331190993,0.5396192862033105,0.14546366820648976,-0.43195828819596266,-0.21093673404964292,2
0.8568207421365607,1,-0.08772543261780924,1,2,3,0.737178475155821,1,3,0,0.011915906570161323,-0.9500197313964661,6,3,False,False,False,False,False,-0.7079307860632962,-0.19172740429730098,0.061233394179099114,-0.2545280867151136,-0.5954479747028208,2.1740263393759673,1
-0.8446672564324966,1,0.1565379040268469,3,8,0,-0.6512356413444544,0,1,0,1.8481808880030886,-0.11152040977557812,0,0,True,True,False,True,False,-0.8476447758133053,-0.08087027547550221,-0.41715249784511227,-0.6545198416367173,-0.775014293466936,-0.7409285281442228,0
-1.5738763986763784,1,-0.6460416306627383,4,4,1,-0.0958699947443444,0,3,0,0.14402130091785403,-0.11152040977557812,2,2,False,False,False,False,False,-1.057215760438319,-0.19172740429730098,-0.8955383898693237,0.5454554231280934,-0.6792573035193404,-0.7409285281442228,1
0.12761159989267895,1,-0.471567818773698,3,8,2,0.8760198868058486,3,2,5,-0.13340002721230038,-0.9500197313964661,0,1,False,False,False,True,False,0.8289231011868045,-0.5242987907626968,-0.8955383898693237,0.01213308323262212,0.04629955884505625,1.114042751186807,1
0.6137510280552668,1,-0.7856206801739705,6,5,2,0.6677577693308074,3,0,5,0.011915906570161323,1.146228572655754,0,1,False,False,False,False,False,-0.8476447758133053,0.14084398216809535,-0.8955383898693237,0.7321182420915087,-0.664674128903468,-0.21093673404964292,1
-0.8446672564324966,0,-0.36688353164027393,4,6,3,0.8760198868058486,1,2,1,1.9010230457421655,-0.11152040977557812,6,4,False,False,False,True,False,-0.8476447758133053,-0.6351559195844956,-1.373924281893535,0.7854504760810557,-0.0641284561679049,0.05405916299764709,1
-0.35852782826990887,1,0.5752750525605437,3,15,1,-1.1371805821195509,4,4,5,-1.03171670877661,-0.5307700705860221,1,0,True,True,True,False,True,-0.009360837313250513,0.14084398216809535,1.018005178227522,-0.14786361873601947,0.013267789835610498,-1.005924425191513,3
-0.6015975423512028,0,-1.4137264029745154,0,12,2,1.9867511800060687,1,4,0,-0.8731902355593787,-0.11152040977557812,6,0,False,False,False,False,False,-0.568216796313287,1.3048438347969817,-1.373924281893535,0.5721215401228673,-0.4904666875584385,-0.21093673404964292,1
-0.8446672564324966,0,0.016958854515614862,4,13,1,-0.026449288919330263,0,4,1,-0.3976108159076852,-0.11152040977557812,0,2,False,True,False,True,True,0.4796381268117816,-0.9677273060498914,0.061233394179099114,-0.6545198416367173,-0.599313394480522,0.05405916299764709,2
-0.8446672564324966,1,0.05185361689342279,3,15,0,0.5983370635057933,0,2,0,0.6460217994390858,-0.11152040977557812,1,1,False,True,False,True,True,0.3399241370617723,-0.02544171106460258,-0.8955383898693237,0.25212813618558416,0.3693256616315784,-1.005924425191513,2
0.12761159989267895,1,0.7846436268273922,1,21,2,-0.44297352386941324,3,1,1,-0.18624218495137745,1.984727894276642,1,3,True,True,True,False,True,0.20021014731176323,-0.6351559195844956,1.018005178227522,-1.2945066495112831,-0.28199757091105826,0.5840509570922271,3
-0.8446672564324966,0,-1.0298840168186267,0,12,3,1.0148612984558762,1,1,5,1.4254436260904724,-0.11152040977557812,3,4,False,False,False,False,False,-0.4285028065632779,0.5288439330443908,-1.373924281893535,1.6387662199138102,-0.8156890515822908,-0.7409285281442228,1
-0.35852782826990887,0,-0.6460416306627383,0,12,0,-0.16529070056935793,0,2,1,-0.7410848412116863,-1.7885190530173543,2,4,False,False,False,False,False,-0.35864581168827336,0.6951296262770883,-0.41715249784511227,0.11879755121171627,-0.759728315255118,-0.4759326310969329,1
0.6137510280552668,1,-0.2621992445068495,0,22,2,0.6677577693308074,1,2,0,0.011915906570161323,1.5654782334661979,6,1,False,False,False,True,False,-1.057215760438319,0.14084398216809535,-0.41715249784511227,1.1587761140078858,-0.0346985555876806,1.114042751186807,1
-0.8446672564324966,0,-0.61114686828493,1,16,1,0.25123353438072443,0,1,5,-1.9696650086452272,-0.11152040977557812,6,4,False,False,False,False,False,-0.8476447758133053,1.41570096361878,-0.8955383898693237,0.11879755121171627,-0.6105582520156525,-0.21093673404964292,1
-0.6015975423512028,1,1.831486498161634,0,12,1,-0.7900770529944822,4,4,1,-1.20345372142861,-0.11152040977557812,1,2,True,False,False,False,True,0.6892091114367952,-1.023155870460791,1.9747769622759448,-1.987825691375396,0.40622285041872547,-0.21093673404964292,0
-0.8446672564324966,1,0.854433151583008,5,19,2,-0.5818149355194403,3,1,5,0.5667585628304707,-0.11152040977557812,5,2,True,True,True,True,True,0.7590661063117998,-0.7460130484062943,0.5396192862033105,-1.0278454795635474,0.15786962970142918,0.31905506004493706,3
-1.3308066845950846,0,0.29611695353807926,6,5,3,-1.2066012879445644,3,3,3,-0.7807164595159941,-0.11152040977557812,1,2,True,False,False,True,True,-0.9873587655633144,0.8059867550988875,0.061233394179099114,-1.054511596558321,-0.35139942601069185,-0.21093673404964292,2
-0.8446672564324966,1,0.016958854515614862,6,5,3,-0.23471140639437146,3,3,0,0.6460217994390858,-0.11152040977557812,1,1,False,False,False,True,False,0.4796381268117816,0.02998685334629656,0.5396192862033105,-0.38785867168898147,0.090312634041153,0.31905506004493706,1
-0.8446672564324966,1,0.05185361689342279,2,10,3,0.32065424020573857,4,2,4,0.30254777413508527,-0.11152040977557812,7,4,False,False,False,True,True,-0.49835980143828246,0.5288439330443908,-0.41715249784511227,-0.041199150756925075,-0.609504046621734,0.31905506004493706,1
1.3429601702991485,1,0.4356960030493116,4,13,3,-1.9008083461947023,0,2,5,0.011915906570161323,-0.9500197313964661,3,0,True,True,False,True,False,-0.49835980143828246,0.41798680422259205,0.061233394179099114,-0.7078520756262644,-0.26284617292153917,-1.005924425191513,0
-0.11545811418861496,1,-1.727779264374788,3,8,2,1.7090683567060134,0,3,0,-0.8731902355593787,1.984727894276642,7,3,False,False,False,False,False,-0.8476447758133053,1.5265580924405784,-1.373924281893535,1.9854257408458664,-0.5792834919960708,-1.2709203222388028,1
-0.6015975423512028,1,-1.3439368782188994,6,0,1,1.153702710105904,0,2,2,-1.0052956299070714,-0.11152040977557812,6,2,False,False,False,False,False,-0.6380737911882917,1.803700914495075,-0.8955383898693237,1.398771166960848,-0.6108218033641322,0.05405916299764709,1
0.37068131397397286,0,-0.5413573435293142,3,14,0,0.18181282855571093,0,1,2,-1.0713483270809177,-1.3692693922069101,3,4,False,False,False,True,False,-0.7079307860632962,0.3071296754007933,-0.41715249784511227,0.35879260416467856,-0.5124292999317402,1.379038648234097,1
-0.6015975423512028,1,-1.9371478386416365,4,4,0,1.6396476508809998,0,2,4,-1.4016118129501491,-0.11152040977557812,6,0,False,False,False,False,False,-0.91750177068831,2.136272300960472,-1.373924281893535,1.5587678689294893,-0.6000161980764677,0.5840509570922271,1
-0.35852782826990887,1,-0.471567818773698,4,13,3,0.737178475155821,3,2,0,1.2404960740037028,0.3077292510348659,3,3,False,False,False,True,False,-0.1490748270632596,0.8059867550988875,-0.41715249784511227,0.9187810610549235,-0.5046106099268448,-0.4759326310969329,1
0.6137510280552668,1,-0.22730448212904159,2,23,0,0.3900749460307521,3,1,5,0.011915906570161323,0.3077292510348659,4,3,False,False,False,True,True,0.1303531524367586,-0.19172740429730098,0.061233394179099114,-0.014533033762151596,-0.474126503952702,0.5840509570922271,1
-0.6015975423512028,1,0.05185361689342279,5,19,2,-0.0958699947443444,1,1,4,-1.9828755480799967,-0.11152040977557812,5,2,False,True,False,True,False,-0.568216796313287,-0.6351559195844956,0.061233394179099114,0.838782710070603,-0.8323806369860002,-0.21093673404964292,2
0.12761159989267895,1,-0.7158311554183545,5,9,3,-0.3735528180443991,0,0,4,0.14402130091785403,1.5654782334661979,3,2,False,False,False,False,False,-0.1490748270632596,0.972272448331585,-0.41715249784511227,0.945447178049697,-0.5234984565678843,-1.005924425191513,1
-0.35852782826990887,0,-1.8673583138860204,1,3,3,1.153702710105904,0,4,4,-1.441243431254457,-1.3692693922069101,6,4,False,False,False,False,False,-0.9873587655633144,1.027701012742485,-1.373924281893535,1.1054438800183388,-0.615829278985245,-0.7409285281442228,1
-0.8446672564324966,0,-0.8554102049295865,6,20,3,-0.16529070056935793,0,3,0,-0.8731902355593787,-0.11152040977557812,3,0,False,False,False,False,False,-0.9873587655633144,-0.35801309752999894,-1.373924281893535,0.89211494406015,-0.7281900038870567,0.31905506004493706,1
0.6137510280552668,1,1.6919074486504015,3,14,2,-1.6231255228946473,4,0,5,0.011915906570161323,0.3077292510348659,7,4,True,True,False,True,True,0.6892091114367952,-1.355727256926187,1.4963910702517333,-2.041157925364943,0.3448153862229737,0.5840509570922271,3
1.5860298843804423,1,-1.6230949772413639,1,21,1,2.264434003306124,1,4,0,0.011915906570161323,-0.9500197313964661,3,2,False,False,False,False,False,-0.7079307860632962,1.9145580433168743,-1.373924281893535,1.1587761140078858,-0.8358068045162352,1.644034545281387,1
-0.8446672564324966,1,0.1565379040268469,4,6,3,-1.4148634054196056,3,0,1,-1.3487696552110722,-0.11152040977557812,0,3,True,True,False,True,True,-0.21893182193826424,-0.8014416128171935,1.018005178227522,-0.6278537246419438,-0.6615993631712058,0.31905506004493706,0
-1.0877369705137905,0,-0.08772543261780924,5,19,0,0.5983370635057933,0,0,1,-0.9920850904723021,-0.11152040977557812,1,4,False,True,False,True,True,-0.91750177068831,-0.579727355173596,-0.41715249784511227,-0.3078603207046608,-0.7541058864875527,-1.005924425191513,2
-1.0877369705137905,1,1.831486498161634,3,14,0,-1.9008083461947023,3,0,1,1.8349703485683195,-0.11152040977557812,1,4,True,False,True,False,True,-0.009360837313250513,-0.7460130484062943,1.4963910702517333,-1.2145082985269622,-0.2754087871990677,-1.005924425191513,3
-0.6015975423512028,0,-1.204357828707667,2,10,2,1.9867511800060687,1,2,2,1.7557071119597039,-0.11152040977557812,6,2,False,False,False,False,False,-0.9873587655633144,-0.02544171106460258,-1.373924281893535,0.5454554231280934,-0.5514348995067241,-0.7409285281442228,1
0.37068131397397286,1,-0.22730448212904159,1,21,0,0.18181282855571093,2,2,0,-1.9300333903409195,-1.7885190530173543,6,1,False,False,False,True,False,-0.49835980143828246,1.027701012742485,-0.41715249784511227,0.5187893061333199,-0.12193405193443509,1.114042751186807,1
-1.3308066845950846,1,0.40080124067150336,3,15,1,-0.8594977588194956,4,1,0,0.4874953262218551,-0.11152040977557812,1,0,True,True,False,True,True,0.06049615756175412,-1.1340129992825894,0.5396192862033105,-0.4411909056785287,0.09268459617746956,-1.2709203222388028,0
0.8568207421365607,1,0.5403802901827357,2,23,1,-1.7619669345446745,3,2,3,0.011915906570161323,1.146228572655754,3,4,True,True,False,True,True,-0.35864581168827336,-0.6905844839953947,-0.41715249784511227,-0.9745132455740002,-0.6551862803582016,0.31905506004493706,0
-0.35852782826990887,0,0.7497488644495842,0,1,0,-0.16529070056935793,3,0,0,-1.4280328918196878,1.984727894276642,7,4,True,True,True,False,True,-0.07921783218825514,-1.411155821337086,0.5396192862033105,0.14546366820648976,-0.8336983937283982,-0.4759326310969329,3
1.5860298843804423,1,-1.169463066329859,0,12,0,1.0842820042808898,1,2,0,0.011915906570161323,0.7269789118453099,6,1,False,False,False,False,False,0.4796381268117816,1.3048438347969817,-1.373924281893535,0.945447178049697,-0.780109619537542,2.1740263393759673,1
-1.0877369705137905,0,-0.4366730563958898,6,20,3,-0.44297352386941324,3,0,0,1.214074995134164,-0.11152040977557812,3,2,False,False,False,True,False,-0.49835980143828246,1.2494152703860817,-0.41715249784511227,0.5721215401228673,-0.13757143194422594,-1.005924425191513,1
-0.8446672564324966,1,-0.9600944920630108,5,19,3,2.125592591656097,1,4,4,0.447863707917547,-0.11152040977557812,6,1,False,False,False,False,False,-0.49835980143828246,0.8614153195097867,-1.373924281893535,0.4921231891385464,-0.8037413904512146,-0.21093673404964292,1
-0.35852782826990887,1,-1.3788316405967074,1,21,0,2.1950132974811107,1,0,4,-1.9696650086452272,1.984727894276642,4,0,False,False,False,False,False,-0.9873587655633144,1.1385581415642834,-1.373924281893535,1.6920984539033572,-0.5897376954857624,-0.7409285281442228,1
-0.11545811418861496,0,-0.6809363930405462,5,9,0,0.25123353438072443,0,2,1,0.3289688530046238,-1.3692693922069101,6,4,False,False,False,False,False,-0.21893182193826424,0.4734153686334912,-0.41715249784511227,0.8654488270653765,-0.7230068273669574,-1.2709203222388028,1
-0.6015975423512028,1,-0.40177829401808185,6,0,3,0.45949565185576624,0,2,1,0.3157583135698543,-0.11152040977557812,7,4,False,False,False,False,False,0.20021014731176323,-0.6905844839953947,-0.41715249784511227,0.30546037017513156,0.22173690648299074,-0.21093673404964292,1
0.12761159989267895,2,0.6101698149383519,6,20,3,-0.44297352386941324,3,3,5,-1.1770326425590718,0.3077292510348659,1,4,False,True,False,False,False,0.06049615756175412,-0.6351559195844956,0.061233394179099114,-0.361192554694208,-0.3034330805874007,0.8490468541395171,2
1.0998904562178546,1,0.854433151583008,0,12,3,-0.44297352386941324,3,2,1,0.011915906570161323,1.5654782334661979,1,0,False,False,True,False,True,0.8987800960618088,-0.19172740429730098,1.018005178227522,-0.5745214906523965,0.3184602513750116,-0.21093673404964292,0
0.6137510280552668,1,-0.9600944920630108,0,12,1,1.2231234159309174,1,4,4,0.011915906570161323,0.3077292510348659,5,1,False,False,False,False,False,-0.7777877809383008,1.0831295771533842,-1.373924281893535,1.6654323369085837,-0.6051115241470736,0.8490468541395171,1
0.12761159989267895,0,0.05185361689342279,1,21,3,0.25123353438072443,1,1,5,-1.1241904848199948,-0.5307700705860221,6,3,False,True,False,True,True,1.806921029436868,-1.023155870460791,-0.8955383898693237,0.5187893061333199,0.13529206418167503,1.379038648234097,2
-0.6015975423512028,1,-1.4137264029745154,1,21,3,1.153702710105904,1,1,2,-0.9656640116027636,-0.11152040977557812,6,4,False,False,False,False,False,-0.8476447758133053,2.0254151721386724,-0.8955383898693237,0.9187810610549235,-0.5738367641274921,-0.7409285281442228,1
-0.8446672564324966,1,-0.5413573435293142,5,7,2,-0.44297352386941324,0,1,1,-1.4280328918196878,-0.11152040977557812,3,4,False,False,False,False,False,0.3399241370617723,-0.4688702263517977,-0.41715249784511227,0.7854504760810557,-0.7878404590929442,-0.7409285281442228,1
-0.11545811418861496,1,-1.099673541574243,0,12,1,1.6396476508809998,1,1,2,0.9762852853083173,-1.7885190530173543,4,3,False,False,False,False,False,-0.568216796313287,1.5265580924405784,-1.373924281893535,0.33212648716990506,-0.6179376897730818,-1.2709203222388028,1
-1.5738763986763784,0,-1.134568303952051,4,4,1,2.0561718858310822,1,0,2,-0.8731902355593787,-0.11152040977557812,0,4,False,False,False,False,False,-0.4285028065632779,1.2494152703860817,-1.373924281893535,1.2387744649922068,-0.9175077225449177,-0.4759326310969329,1
-1.3308066845950846,1,-0.12262019499561748,2,10,2,0.5983370635057933,0,2,4,-1.4148223523849184,-0.11152040977557812,3,4,False,False,False,False,False,-0.7079307860632962,0.3625582398116924,0.061233394179099114,-0.041199150756925075,-0.8288666190062719,-0.21093673404964292,1
0.37068131397397286,1,-0.1575149573734254,5,9,3,0.737178475155821,0,0,4,1.808549269698781,0.3077292510348659,2,2,False,False,False,False,False,0.2700671421867677,-0.4688702263517977,-0.41715249784511227,-0.3078603207046608,-0.5307900438758205,0.8490468541395171,1
-0.35852782826990887,1,0.29611695353807926,6,5,0,-1.345442699594592,0,0,2,0.7384955754824709,-1.7885190530173543,3,1,True,True,False,False,True,1.2480650704368317,0.02998685334629656,-0.8955383898693237,0.4121248381542255,-0.3832891391767259,0.5840509570922271,0
-1.3308066845950846,0,0.6101698149383519,5,19,2,-0.9983391704695234,1,2,5,1.161232837395087,-0.11152040977557812,3,2,False,False,False,True,True,-0.568216796313287,0.19627254657899448,0.5396192862033105,-0.8145165436053589,-0.2210293589627726,-0.4759326310969329,1
-0.11545811418861496,1,0.29611695353807926,6,5,3,-1.4842841112446195,4,1,5,-1.4808750495587648,-0.9500197313964661,0,2,False,True,False,True,True,1.7370640345618638,0.3625582398116924,0.5396192862033105,-0.12119750174124574,-0.7151002869125688,-0.7409285281442228,2
-1.0877369705137905,0,-0.052830670240001314,0,12,0,0.18181282855571093,0,0,4,-1.5469277467326108,-0.11152040977557812,1,1,False,True,False,False,True,-0.7079307860632962,-0.5242987907626968,-0.41715249784511227,-0.5745214906523965,0.2531873674015587,-0.21093673404964292,2
-0.8446672564324966,0,-0.506462581151506,6,5,3,-0.5123942296944268,1,1,4,0.9894958247430868,-0.11152040977557812,5,2,False,False,False,True,False,1.1083510806868226,0.5288439330443908,-0.41715249784511227,0.6787860081019612,-0.7282778543365498,0.31905506004493706,1
-0.11545811418861496,0,-0.7856206801739705,6,20,3,0.18181282855571093,1,2,1,-1.797927995993227,-1.7885190530173543,6,3,False,False,False,False,False,-0.1490748270632596,1.0831295771533842,-0.41715249784511227,0.25212813618558416,-0.674425528797214,0.05405916299764709,1
-0.6015975423512028,1,0.3310117159158872,0,1,2,-0.9289184646445092,4,0,1,-1.3619801946458414,-0.11152040977557812,1,3,True,True,False,True,True,-0.7777877809383008,-0.35801309752999894,0.061233394179099114,-0.22786196972034015,-0.09101069371282626,-1.005924425191513,0
-0.11545811418861496,1,-1.134568303952051,2,10,1,1.361964827580945,1,4,2,-0.5165056708206089,0.7269789118453099,3,1,False,False,False,False,False,-0.6380737911882917,0.972272448331585,-1.373924281893535,0.33212648716990506,-0.5566180760268233,0.5840509570922271,1
0.37068131397397286,0,0.19143266640465514,5,7,2,-1.2066012879445644,3,4,1,1.3593909289166257,-0.5307700705860221,1,0,True,False,False,True,True,1.038494085811818,-1.3002986925152877,0.061233394179099114,0.11879755121171627,-0.4046367984035753,1.379038648234097,2
1.5860298843804423,1,0.5054855278049275,2,23,1,-1.692546228719661,3,2,4,0.011915906570161323,-0.11152040977557812,8,2,True,False,False,True,True,0.4796381268117816,-1.3002986925152877,0.061233394179099114,-1.2945066495112831,0.07897992605652925,2.4390222364232574,2
-0.8446672564324966,1,0.1565379040268469,2,23,1,0.04297141690568326,4,1,1,1.5311279415686265,-0.11152040977557812,1,2,True,False,False,True,True,-0.8476447758133053,-0.9122987416389923,0.5396192862033105,-0.3345264376994343,-0.40410969570661603,-0.4759326310969329,2
-0.35852782826990887,1,-0.29709400688465776,5,7,3,-0.16529070056935793,3,1,0,-0.3447686581686087,-1.3692693922069101,0,3,False,False,False,False,False,-0.91750177068831,-0.7460130484062943,-0.41715249784511227,0.4121248381542255,0.06738366672342598,0.05405916299764709,1
-0.8446672564324966,2,-0.19240971975123367,5,19,2,0.3900749460307521,4,2,2,-0.9260323932984558,-0.11152040977557812,2,2,False,True,False,True,False,0.6892091114367952,0.19627254657899448,-0.41715249784511227,0.5987876571176408,0.38311818220201205,-0.21093673404964292,2
-1.3308066845950846,1,-0.9600944920630108,3,15,0,1.8479097683560417,1,4,1,0.8573904303953941,-0.11152040977557812,6,3,False,False,False,False,False,-0.35864581168827336,0.14084398216809535,-0.41715249784511227,1.1321099970131123,-0.6781152476759287,-0.4759326310969329,1
-1.3308066845950846,1,0.7148541020717757,6,20,1,-0.3041321122193856,3,0,1,-0.212663263820916,-0.11152040977557812,1,2,False,False,False,True,False,0.06049615756175412,-0.6351559195844956,0.5396192862033105,-0.8145165436053589,-0.15022189667124775,-1.2709203222388028,1
0.37068131397397286,1,0.4356960030493116,5,7,3,-1.7619669345446745,4,0,1,0.36860047130893137,-0.11152040977557812,0,2,False,True,False,True,False,0.7590661063117998,0.6951296262770883,0.061233394179099114,-0.8145165436053589,-0.7450572901897524,0.05405916299764709,2
1.5860298843804423,1,-0.506462581151506,0,17,1,0.1123921227306974,3,1,1,0.011915906570161323,0.3077292510348659,2,3,False,False,False,True,False,-0.009360837313250513,-0.579727355173596,-1.373924281893535,1.0521116460287914,0.1464490712673123,0.05405916299764709,1
-1.0877369705137905,1,-0.40177829401808185,4,18,3,0.25123353438072443,0,4,1,0.8706009698301637,-0.11152040977557812,1,3,False,False,False,True,False,-0.009360837313250513,1.027701012742485,-0.8955383898693237,0.5454554231280934,-0.12913778879287813,-1.005924425191513,1
0.37068131397397286,1,-0.4366730563958898,6,20,1,-0.3041321122193856,3,2,1,1.9274441246117042,1.5654782334661979,0,2,False,False,False,True,False,-0.7777877809383008,1.0831295771533842,0.5396192862033105,0.33212648716990506,-0.5716405028901619,0.05405916299764709,1
-1.5738763986763784,1,0.8893279139608159,5,7,3,-0.44297352386941324,3,0,1,-0.5957689074292246,-0.11152040977557812,3,4,False,True,True,True,True,-0.009360837313250513,0.14084398216809535,1.018005178227522,-0.6545198416367173,1.35553480764232,-0.7409285281442228,3
-0.35852782826990887,1,-1.5533054524857477,5,7,2,1.153702710105904,3,4,4,-0.3315581187338391,-0.9500197313964661,6,3,False,False,False,False,False,-0.7079307860632962,1.3048438347969817,-1.373924281893535,0.945447178049697,-0.780548871785008,-0.21093673404964292,1
-0.6015975423512028,1,0.22632742878246306,4,13,3,-0.3735528180443991,2,0,3,1.0159169036126254,-0.11152040977557812,1,2,True,False,False,False,True,-0.91750177068831,-0.08087027547550221,1.018005178227522,0.06546531722216932,-0.6886573016151135,0.31905506004493706,2
1.0998904562178546,1,-0.6809363930405462,5,9,0,-0.3041321122193856,1,2,2,0.011915906570161323,-0.11152040977557812,7,2,False,False,False,False,False,-0.28878881681326873,0.8614153195097867,-0.8955383898693237,1.3721050499660745,-0.49925173250775917,1.909030442328677,1
-0.6015975423512028,1,0.2612221911602713,6,5,0,-0.026449288919330263,3,2,1,1.6500227964815497,-0.11152040977557812,7,4,True,True,False,False,False,1.4576360550618455,0.3071296754007933,-0.41715249784511227,0.4654570721437729,0.36546024185387727,0.31905506004493706,0
1.5860298843804423,1,-0.052830670240001314,3,8,2,0.3900749460307521,4,3,2,0.011915906570161323,1.984727894276642,3,0,False,True,False,True,True,-0.28878881681326873,-0.7460130484062943,-0.41715249784511227,0.4654570721437729,0.021262180739492306,1.114042751186807,2
-0.6015975423512028,1,2.005960310050674,3,8,2,-0.026449288919330263,1,0,0,-1.9696650086452272,-0.11152040977557812,7,0,True,True,False,True,False,-0.568216796313287,-1.854584336624281,1.4963910702517333,-1.5878339364537923,-0.07124434257685468,0.5840509570922271,3
-0.6015975423512028,1,0.05185361689342279,5,19,2,0.18181282855571093,0,2,0,1.1744433768298566,-0.11152040977557812,5,3,False,True,False,True,False,-0.91750177068831,-0.41344166194089804,-0.41715249784511227,-0.4945231396680759,0.3686228580356329,-0.21093673404964292,2
0.12761159989267895,1,-1.3788316405967074,4,4,0,1.361964827580945,0,2,2,0.8441798909606251,-1.7885190530173543,3,2,False,False,False,False,False,-1.057215760438319,1.5819866568514784,-1.373924281893535,1.905427389861546,-0.9204946378276868,-0.21093673404964292,1
0.6137510280552668,0,0.016958854515614862,3,8,1,-0.3041321122193856,1,4,4,0.011915906570161323,1.984727894276642,1,0,False,True,False,False,False,0.8289231011868045,0.9168438839206858,-0.41715249784511227,-0.46785702267330215,0.22393316772032093,-0.21093673404964292,2
-0.11545811418861496,1,-0.19240971975123367,3,15,2,0.1123921227306974,0,1,5,1.0687590613517024,1.5654782334661979,1,3,False,True,False,True,True,0.2700671421867677,0.58427249745529,0.061233394179099114,0.35879260416467856,0.32021726036487563,-1.2709203222388028,2
-0.11545811418861496,1,0.016958854515614862,0,12,3,-0.0958699947443444,1,0,4,-0.4372424342119933,-0.9500197313964661,3,0,False,True,False,True,True,-0.91750177068831,0.8614153195097867,-0.41715249784511227,0.6254537741124143,0.3314621179000061,0.05405916299764709,2
-0.35852782826990887,0,0.3310117159158872,3,15,1,-0.44297352386941324,4,1,0,-1.5072961284283033,0.3077292510348659,1,0,True,False,False,True,True,-0.35864581168827336,-0.9677273060498914,-0.41715249784511227,0.5187893061333199,-0.1926536637764667,0.05405916299764709,2
-1.0877369705137905,1,-0.8554102049295865,6,0,2,0.5983370635057933,1,0,4,0.4874953262218551,-0.11152040977557812,3,3,False,False,False,False,False,-0.7777877809383008,1.2494152703860817,-0.41715249784511227,1.3721050499660745,-0.8702441807175724,-0.4759326310969329,1
0.6137510280552668,1,-0.9949892544408189,0,17,0,1.153702710105904,0,2,2,0.011915906570161323,-0.9500197313964661,6,2,False,False,False,False,False,-0.6380737911882917,-0.08087027547550221,-1.373924281893535,0.30546037017513156,-0.5307900438758205,0.05405916299764709,1
0.12761159989267895,1,0.5054855278049275,4,18,0,-0.026449288919330263,3,3,4,1.3329698500470872,0.3077292510348659,1,2,False,True,False,True,False,-0.49835980143828246,-0.3025845331190993,-0.41715249784511227,-0.14786361873601947,-0.21523122929622096,-1.005924425191513,2
0.37068131397397286,0,0.08674837927123104,0,22,2,-0.23471140639437146,4,4,0,-0.4504529736467623,-1.3692693922069101,4,4,False,True,False,True,False,0.06049615756175412,0.19627254657899448,0.061233394179099114,0.7054521250967352,-0.7650871926742037,-0.21093673404964292,2
0.8568207421365607,1,-0.40177829401808185,0,22,0,-0.44297352386941324,3,1,1,0.011915906570161323,0.7269789118453099,7,2,False,False,False,True,False,-1.057215760438319,0.8059867550988875,0.061233394179099114,0.9987794120392444,0.13660982092407306,-1.005924425191513,1
-0.35852782826990887,0,-0.6809363930405462,6,0,3,-0.3041321122193856,4,1,0,1.1348117585255484,1.146228572655754,3,4,False,False,False,False,False,-0.49835980143828246,0.3071296754007933,-1.373924281893535,0.1721297852012637,-0.6697694549740739,-0.21093673404964292,1
-0.35852782826990887,1,-0.36688353164027393,3,15,0,0.5289163576807798,0,2,1,-0.3051370398643006,-0.9500197313964661,6,1,False,False,False,True,False,-0.07921783218825514,0.0854154177571957,-0.41715249784511227,0.43879095514899946,0.05455750109741782,0.31905506004493706,1
-0.11545811418861496,0,0.6799593396939677,0,12,0,-0.026449288919330263,4,1,5,-0.9656640116027636,-0.11152040977557812,3,1,True,True,True,False,True,-0.49835980143828246,0.4734153686334912,1.018005178227522,0.06546531722216932,-0.5113750945378218,0.31905506004493706,3
-0.35852782826990887,1,0.2612221911602713,4,6,3,-1.5537048170696333,4,4,5,-0.5957689074292246,-1.3692693922069101,7,4,True,True,False,True,False,1.9466350191868773,-0.9677273060498914,-0.41715249784511227,-0.014533033762151596,0.1928341085997256,0.31905506004493706,0
0.8568207421365607,1,-0.5762521059071222,4,13,2,0.5983370635057933,0,4,0,0.011915906570161323,-0.11152040977557812,6,2,False,False,False,True,False,0.4796381268117816,0.8614153195097867,-0.8955383898693237,-0.361192554694208,0.35166772128344387,-0.7409285281442228,1
-0.6015975423512028,0,-0.01793590786219338,5,9,2,0.5983370635057933,0,3,2,1.7821281908292426,-0.11152040977557812,6,2,False,True,False,True,False,0.4796381268117816,0.2517011109898941,0.061233394179099114,-0.20119585272556642,-0.6479825434997587,-0.4759326310969329,2
1.5860298843804423,2,0.9242226763386245,1,3,0,-1.6231255228946473,4,3,0,0.011915906570161323,1.984727894276642,5,0,True,True,True,False,True,-0.7079307860632962,-0.5242987907626968,1.018005178227522,-0.6545198416367173,-0.33707980274329913,0.31905506004493706,3
-0.35852782826990887,0,-0.29709400688465776,2,23,2,-0.026449288919330263,0,2,1,-1.295927497471995,1.5654782334661979,7,1,False,False,False,True,False,0.2700671421867677,-0.6905844839953947,0.5396192862033105,-0.28119420370988735,-0.6059021781925125,-1.005924425191513,1
-0.11545811418861496,1,-1.9022530762638281,1,2,1,0.8760198868058486,1,0,4,-0.212663263820916,-0.11152040977557812,3,3,False,False,False,False,False,-0.7777877809383008,0.7505581906879883,-1.373924281893535,1.7454306878929042,-0.7768591529062933,-1.005924425191513,1
0.12761159989267895,0,1.3778545872501289,6,5,3,-1.1371805821195509,3,0,1,0.6856534177433938,-1.3692693922069101,1,3,False,False,True,True,True,0.6193521165617906,-0.9677273060498914,1.9747769622759448,-1.8278289894067545,0.9817311450487245,0.8490468541395171,0
-0.11545811418861496,0,-0.1575149573734254,2,10,1,0.25123353438072443,0,3,1,0.6856534177433938,1.5654782334661979,2,4,False,False,False,True,True,-0.568216796313287,-1.0785844348716902,0.061233394179099114,-0.38785867168898147,-0.5234984565678843,-0.4759326310969329,1
0.12761159989267895,1,0.29611695353807926,2,23,0,0.1123921227306974,2,3,3,1.2404960740037028,0.3077292510348659,7,2,True,True,False,True,True,-0.07921783218825514,-0.7460130484062943,0.5396192862033105,-0.4145247886837552,-0.03786117176943604,1.379038648234097,0
0.6137510280552668,1,0.40080124067150336,3,14,2,-0.0958699947443444,4,2,5,0.011915906570161323,-0.5307700705860221,7,4,False,False,False,False,True,-0.7777877809383008,0.8614153195097867,-0.41715249784511227,-0.6545198416367173,-0.6621264658681649,0.8490468541395171,1
0.12761159989267895,0,-0.01793590786219338,6,5,3,0.45949565185576624,4,1,5,1.451864704960011,1.146228572655754,5,2,False,True,False,False,True,0.2700671421867677,-1.023155870460791,0.061233394179099114,0.4654570721437729,-0.02336584760305684,1.379038648234097,2
0.6137510280552668,1,0.3310117159158872,3,14,2,-1.4148634054196056,1,1,0,0.011915906570161323,-0.11152040977557812,3,1,True,True,False,True,False,-0.6380737911882917,-0.3025845331190993,0.061233394179099114,-0.8411826606001322,-0.13616582475233466,-0.21093673404964292,0
-1.3308066845950846,0,-0.7158311554183545,5,19,2,0.32065424020573857,0,3,2,0.13081076148308504,-0.11152040977557812,1,1,False,False,False,False,False,-0.35864581168827336,1.4711295280296792,-0.41715249784511227,0.4921231891385464,-0.5114629449873149,-1.2709203222388028,1
0.6137510280552668,0,-0.5762521059071222,2,11,0,-0.026449288919330263,4,2,0,0.011915906570161323,1.5654782334661979,7,4,False,False,False,True,False,-0.7777877809383008,0.0854154177571957,-0.41715249784511227,-0.06786526775169856,-0.566633027269049,1.644034545281387,1
0.12761159989267895,2,-0.3319887692624657,5,7,2,0.1123921227306974,3,3,0,1.451864704960011,0.3077292510348659,1,0,False,False,False,True,False,-0.1490748270632596,-0.08087027547550221,-0.41715249784511227,0.22546201919081066,-0.682947022398055,-0.7409285281442228,1
-0.6015975423512028,1,-1.3439368782188994,6,20,2,1.500806239230973,1,3,2,1.1348117585255484,-0.11152040977557812,3,0,False,False,False,False,False,-0.6380737911882917,2.136272300960472,-1.373924281893535,1.6387662199138102,-0.5688292885063791,-1.005924425191513,1
-0.6015975423512028,1,0.7148541020717757,2,23,0,-0.3735528180443991,4,1,1,1.7292860330901654,-0.11152040977557812,5,3,False,True,True,True,False,-0.568216796313287,-0.4688702263517977,1.9747769622759448,-1.3478388835008301,-0.2645153314619101,-0.7409285281442228,0
-0.11545811418861496,1,-0.5762521059071222,2,11,0,0.5983370635057933,0,2,4,-0.38440027647291625,0.3077292510348659,7,2,False,False,False,True,False,-0.9873587655633144,-0.41344166194089804,0.061233394179099114,0.7854504760810557,-0.6992872060037915,-1.2709203222388028,1
0.8568207421365607,0,-0.01793590786219338,2,10,3,0.1123921227306974,0,4,1,0.011915906570161323,-1.7885190530173543,2,2,False,False,False,True,False,0.8289231011868045,-0.8568701772280927,0.061233394179099114,0.7321182420915087,-0.48695266957871025,1.114042751186807,1
-0.11545811418861496,1,0.6799593396939677,4,6,0,-1.692546228719661,0,0,3,0.7781271937867784,-0.9500197313964661,3,4,True,True,True,False,False,-0.8476447758133053,-0.41344166194089804,1.018005178227522,0.0921314342169428,-0.17938824590299252,0.5840509570922271,3
0.6137510280552668,0,-0.19240971975123367,4,18,0,-0.3735528180443991,0,1,1,0.011915906570161323,-0.11152040977557812,6,1,False,True,False,False,True,0.1303531524367586,-0.9677273060498914,0.061233394179099114,0.5987876571176408,-0.057978924703380376,1.909030442328677,2
-0.35852782826990887,1,-1.9371478386416365,3,15,0,1.4313855334059586,0,0,0,0.8706009698301637,-1.7885190530173543,7,4,False,False,False,False,False,-1.057215760438319,1.0831295771533842,-0.8955383898693237,1.4787695179451685,-0.7457600937856981,-0.7409285281442228,1
-0.35852782826990887,1,0.1565379040268469,3,14,3,0.18181282855571093,4,4,1,-0.212663263820916,-0.9500197313964661,6,3,True,False,False,True,False,0.20021014731176323,-0.13629883988640135,0.5396192862033105,-0.20119585272556642,-0.39391904356540397,-0.4759326310969329,2
-0.6015975423512028,1,0.6450645773161598,4,18,1,-0.8594977588194956,0,2,1,0.6328112600043168,-0.11152040977557812,5,4,True,True,False,True,True,1.1083510806868226,-0.9122987416389923,0.5396192862033105,-1.107843830547868,-0.7966255040422648,0.5840509570922271,0
0.6137510280552668,0,0.7148541020717757,0,1,0,-0.5123942296944268,0,2,1,0.011915906570161323,-0.11152040977557812,7,3,True,True,True,True,False,0.8289231011868045,-0.6905844839953947,0.5396192862033105,0.19879590219603718,0.31178361721352793,0.5840509570922271,3
-0.35852782826990887,0,-0.6460416306627383,4,4,0,0.3900749460307521,0,3,1,1.7821281908292426,-0.9500197313964661,5,0,False,False,False,False,False,-0.91750177068831,0.8614153195097867,-0.8955383898693237,0.1721297852012637,-0.7111470166853745,-0.21093673404964292,1
-1.5738763986763784,1,-0.8205154425517786,1,2,0,0.3900749460307521,3,4,1,-1.8507701537323038,-0.11152040977557812,0,1,False,False,False,False,False,-0.6380737911882917,1.3048438347969817,-0.8955383898693237,0.33212648716990506,-0.6959488889230497,-0.4759326310969329,1
-0.8446672564324966,1,-0.12262019499561748,4,13,2,0.45949565185576624,1,0,0,-1.3619801946458414,-0.11152040977557812,3,2,False,False,False,True,True,1.1083510806868226,-0.08087027547550221,0.061233394179099114,-0.4945231396680759,-0.8339619450768778,0.05405916299764709,1
-1.8169461127576723,1,-1.134568303952051,3,15,2,1.9173304741810553,0,4,4,-0.3315581187338391,-0.11152040977557812,3,0,False,False,False,False,False,-0.568216796313287,1.1939867059751825,-0.8955383898693237,0.5721215401228673,-0.6080984394298427,-0.7409285281442228,1
-1.5738763986763784,1,-0.4366730563958898,0,22,1,0.25123353438072443,3,2,2,-0.9788745510375328,-0.11152040977557812,6,4,False,False,False,True,False,-0.7777877809383008,0.0854154177571957,-0.41715249784511227,0.06546531722216932,0.20320046163992395,-0.4759326310969329,1
-0.8446672564324966,1,0.19143266640465514,0,17,3,-1.6231255228946473,1,3,1,0.6196007205695478,-0.11152040977557812,8,1,True,False,False,True,False,0.8289231011868045,0.3071296754007933,0.061233394179099114,-0.38785867168898147,-0.8312385811425885,-0.7409285281442228,2
1.0998904562178546,0,1.1684860129832806,0,12,3,-0.720656347169468,3,4,1,0.011915906570161323,-1.7885190530173543,0,0,True,False,True,False,False,-0.28878881681326873,-0.8014416128171935,1.4963910702517333,-1.5345017024642453,0.8728844381266411,1.909030442328677,3
-1.3308066845950846,1,-0.1575149573734254,2,23,3,0.18181282855571093,3,2,1,0.09117914317877696,-0.11152040977557812,8,1,False,False,False,False,True,0.06049615756175412,-0.24715596870820014,0.061233394179099114,-0.14786361873601947,-0.6521993650754325,-1.005924425191513,1
-0.11545811418861496,1,0.3310117159158872,1,16,1,-1.0677598762945368,0,0,3,0.434653168482778,0.7269789118453099,2,0,True,True,False,False,True,-0.28878881681326873,-0.19172740429730098,0.061233394179099114,-0.28119420370988735,-0.23526113178067218,-1.005924425191513,0
1.5860298843804423,0,0.47059076542711953,4,18,2,-1.6231255228946473,3,2,0,0.011915906570161323,-0.9500197313964661,5,4,False,True,False,True,True,-0.91750177068831,-0.3025845331190993,0.5396192862033105,-0.8678487775949058,0.33972006015236755,1.644034545281387,2
0.37068131397397286,0,-0.4366730563958898,5,9,2,0.8065991809808352,0,3,0,-1.4544539706892263,-0.9500197313964661,6,4,False,False,False,True,False,-0.35864581168827336,1.1385581415642834,-0.8955383898693237,1.0521116460287914,-0.17332656488796125,-1.2709203222388028,1
-0.11545811418861496,0,-0.40177829401808185,0,12,3,0.1123921227306974,3,1,0,-0.8864007749941479,-1.7885190530173543,1,0,False,False,False,True,False,-0.568216796313287,0.6951296262770883,-0.41715249784511227,0.43879095514899946,-0.49687977037144265,0.05405916299764709,1
-0.6015975423512028,0,-1.4486211653523235,4,4,3,1.9173304741810553,0,4,4,1.0819696007864714,-0.11152040977557812,3,2,False,False,False,False,False,-0.6380737911882917,0.6951296262770883,-1.373924281893535,1.4254372839556215,-0.7968890553907445,-0.21093673404964292,1
-0.8446672564324966,1,-0.12262019499561748,2,23,1,0.04297141690568326,0,3,0,0.500705865656624,-0.11152040977557812,7,0,False,True,False,True,True,-0.568216796313287,0.3071296754007933,0.5396192862033105,0.0921314342169428,-0.5654031209761441,0.31905506004493706,2
-0.35852782826990887,1,-0.4366730563958898,2,23,3,0.5983370635057933,0,2,0,-1.3487696552110722,-1.7885190530173543,3,4,False,False,False,True,False,-0.28878881681326873,0.14084398216809535,0.5396192862033105,0.30546037017513156,-0.0029845433206328723,-0.7409285281442228,1
1.0998904562178546,0,-1.4835159277301317,6,20,2,1.9173304741810553,1,0,4,0.011915906570161323,-0.9500197313964661,2,1,False,False,False,False,False,-0.21893182193826424,0.3071296754007933,-1.373924281893535,1.532101751934716,-0.752085326149209,-1.2709203222388028,1
1.0998904562178546,0,-0.4366730563958898,3,8,0,0.8065991809808352,3,0,4,0.011915906570161323,1.984727894276642,0,4,False,False,False,False,False,0.40978113193677695,-0.35801309752999894,0.5396192862033105,-0.041199150756925075,0.035054701309925745,-1.2709203222388028,1
0.12761159989267895,1,-1.2392525910854753,2,10,2,1.0148612984558762,0,2,4,-0.3976108159076852,-0.5307700705860221,6,3,False,False,False,False,False,-0.07921783218825514,0.4734153686334912,-1.373924281893535,1.5854339859242628,-0.6104704015661593,0.5840509570922271,1
-0.8446672564324966,1,-1.7975687891304042,6,5,3,1.7090683567060134,1,4,5,0.8706009698301637,-0.11152040977557812,4,3,False,False,False,False,False,-0.7777877809383008,2.4134151230149685,-1.373924281893535,2.145422442814508,-0.5479208815269959,0.05405916299764709,1
-0.35852782826990887,0,-0.7856206801739705,4,13,3,0.1123921227306974,3,0,1,0.8309693515258555,0.7269789118453099,2,0,False,False,False,False,False,-0.9873587655633144,-0.35801309752999894,-1.373924281893535,0.4654570721437729,-0.6683638477821827,-1.2709203222388028,1
-0.35852782826990887,1,0.08674837927123104,2,23,0,-0.0958699947443444,0,1,0,-0.8467691566898404,1.984727894276642,2,2,False,True,False,True,True,-0.1490748270632596,-0.5242987907626968,0.061233394179099114,0.0921314342169428,0.18712382938266708,0.31905506004493706,2
-1.3308066845950846,0,1.1684860129832806,6,5,0,-0.9289184646445092,3,3,4,-1.20345372142861,-0.11152040977557812,5,1,False,False,False,True,True,0.9686370909368134,-1.2448701281043881,1.018005178227522,-1.2678405325165096,0.25011260166929655,-0.21093673404964292,2
-0.11545811418861496,2,0.4356960030493116,6,5,0,-0.0958699947443444,2,1,1,0.038336985439699864,-1.7885190530173543,0,4,True,True,False,True,True,-0.28878881681326873,-0.08087027547550221,0.061233394179099114,-0.6545198416367173,-0.03408360244122808,0.8490468541395171,0
1.0998904562178546,0,-0.01793590786219338,0,1,3,0.45949565185576624,0,3,2,0.011915906570161323,0.7269789118453099,7,2,False,False,False,True,False,1.2480650704368317,-0.7460130484062943,0.5396192862033105,0.11879755121171627,-0.3314573739757339,-0.4759326310969329,1
-0.8446672564324966,1,0.36590647829369544,6,5,3,-0.7900770529944822,4,3,5,-1.4808750495587648,-0.11152040977557812,1,2,True,False,False,False,False,1.1083510806868226,-0.41344166194089804,-0.41715249784511227,-0.8678487775949058,-0.40384614435813637,-0.4759326310969329,2
0.12761159989267895,1,-1.5533054524857477,2,23,1,1.7784890625310281,3,3,1,-1.4280328918196878,1.5654782334661979,6,3,False,False,False,False,False,-0.9873587655633144,1.027701012742485,-1.373924281893535,1.6121001029190363,-0.9173320216459314,0.8490468541395171,1
-0.11545811418861496,1,1.1684860129832806,1,3,3,-0.23471140639437146,3,0,5,0.35538993187416235,-1.3692693922069101,1,0,False,True,True,True,False,0.5494951216867859,0.3071296754007933,1.018005178227522,-1.3745050004956039,-0.2904312140624062,0.31905506004493706,3
0.37068131397397286,2,-0.12262019499561748,3,15,0,0.5289163576807798,0,1,4,-1.8375596142975348,1.5654782334661979,8,4,False,True,False,True,False,-0.21893182193826424,0.41798680422259205,0.061233394179099114,0.5454554231280934,0.07739861796565159,-0.7409285281442228,2
0.8568207421365607,1,-1.4835159277301317,6,5,1,1.0148612984558762,1,2,4,0.011915906570161323,0.3077292510348659,6,3,False,False,False,False,False,-0.9873587655633144,2.191700865371371,-0.8955383898693237,1.5587678689294893,-0.8749881049902055,1.644034545281387,1
0.37068131397397286,1,-0.6460416306627383,4,4,2,-0.3735528180443991,1,4,2,-0.06734733003845372,1.5654782334661979,6,0,False,False,False,False,False,-0.21893182193826424,0.5288439330443908,-1.373924281893535,1.2921066989817536,-0.6321694625909814,-0.21093673404964292,1
-1.3308066845950846,1,0.1565379040268469,5,9,0,-1.1371805821195509,3,1,3,-1.6129804439064572,-0.11152040977557812,1,4,False,True,False,True,False,1.5274930499368502,-0.579727355173596,0.061233394179099114,-0.014533033762151596,-0.107438727768056,-0.21093673404964292,2
0.12761159989267895,1,0.05185361689342279,2,11,3,-0.44297352386941324,3,0,4,-0.6750321440378402,0.3077292510348659,5,4,False,True,False,True,True,0.06049615756175412,0.02998685334629656,-0.41715249784511227,-0.6278537246419438,-0.792847934714057,-0.21093673404964292,2
-0.8446672564324966,1,-1.169463066329859,4,13,3,1.0148612984558762,1,3,4,1.10839067965601,-0.11152040977557812,3,4,False,False,False,False,False,-0.6380737911882917,1.803700914495075,-0.8955383898693237,0.7587843590862822,-0.4892367812655336,-0.21093673404964292,1
-1.3308066845950846,1,0.6799593396939677,3,8,2,-0.5818149355194403,4,2,0,0.26291615583077776,-0.11152040977557812,0,0,False,True,True,True,False,-0.21893182193826424,-0.3025845331190993,0.061233394179099114,-0.28119420370988735,-0.3936554922169244,-0.7409285281442228,0
1.5860298843804423,1,0.1565379040268469,4,4,0,-0.44297352386941324,3,4,5,0.011915906570161323,0.3077292510348659,1,3,True,False,False,True,False,0.6892091114367952,-0.4688702263517977,0.5396192862033105,-1.0278454795635474,-0.3984872669390508,-1.005924425191513,2
0.12761159989267895,0,-0.12262019499561748,3,14,2,0.32065424020573857,1,3,0,1.148022297960318,1.5654782334661979,2,2,False,True,False,True,True,2.0164920140618823,-0.6351559195844956,-0.41715249784511227,-0.38785867168898147,0.023985544673781743,1.114042751186807,2
-0.35852782826990887,1,-1.4835159277301317,1,3,2,1.292544121755931,1,4,2,-1.0977694059504564,1.5654782334661979,6,3,False,False,False,False,False,-0.7079307860632962,1.9699866077277735,-0.8955383898693237,0.6787860081019612,-0.7751021439164293,-0.4759326310969329,1
0.8568207421365607,0,-0.6460416306627383,3,8,0,0.8065991809808352,1,0,2,0.011915906570161323,0.3077292510348659,1,0,False,False,False,False,False,-0.4285028065632779,-0.4688702263517977,-1.373924281893535,0.5454554231280934,-0.6326087148384475,1.909030442328677,1
-0.11545811418861496,1,-0.2621992445068495,2,10,3,0.8065991809808352,4,4,2,-0.582558367994455,1.146228572655754,3,4,False,False,False,True,False,-0.9873587655633144,0.9168438839206858,-0.41715249784511227,0.33212648716990506,-0.3176648534053003,0.31905506004493706,1
-0.11545811418861496,2,-0.7856206801739705,5,9,2,0.737178475155821,3,4,0,1.4650752443947799,-1.7885190530173543,5,3,False,False,False,False,False,-0.4285028065632779,-0.24715596870820014,-0.8955383898693237,1.0521116460287914,-0.5209507935325813,0.5840509570922271,1
0.12761159989267895,1,1.9012760229172496,5,7,2,-1.4148634054196056,3,1,3,0.5799691022652397,1.146228572655754,0,4,False,True,False,True,False,1.1782080755618272,-1.5774415145697844,1.9747769622759448,-1.2145082985269622,0.2290284937909268,0.8490468541395171,0
-0.35852782826990887,1,-0.7158311554183545,1,2,1,-0.3735528180443991,0,4,4,1.9274441246117042,1.5654782334661979,1,1,False,False,False,False,False,0.8987800960618088,-0.4688702263517977,-0.41715249784511227,0.01213308323262212,-0.9068778181562398,-0.7409285281442228,1
-0.35852782826990887,1,-1.2741473534632832,0,22,3,1.153702710105904,0,1,0,-1.3487696552110722,1.5654782334661979,4,0,False,False,False,False,False,-0.8476447758133053,1.5265580924405784,-0.41715249784511227,1.7987629218824517,-0.5285937826384903,-0.21093673404964292,1
0.37068131397397286,1,-0.8903049673073946,0,22,2,-0.0958699947443444,3,1,1,-1.0052956299070714,1.984727894276642,5,1,False,False,False,False,False,-0.8476447758133053,0.7505581906879883,-1.373924281893535,1.0521116460287914,-0.9122366955753254,-1.2709203222388028,1
-0.35852782826990887,0,0.9591174387164324,6,20,0,0.1123921227306974,4,4,3,-0.10697894834276182,-0.11152040977557812,8,3,True,True,False,True,False,-0.49835980143828246,-0.7460130484062943,0.5396192862033105,-1.3478388835008301,0.7480489493967939,0.31905506004493706,3
-0.11545811418861496,1,-0.506462581151506,3,15,3,0.1123921227306974,0,4,0,1.4650752443947799,1.146228572655754,1,3,False,False,False,True,False,-0.7777877809383008,0.6951296262770883,0.061233394179099114,0.5187893061333199,-0.2298144039120933,0.8490468541395171,1
0.37068131397397286,0,0.05185361689342279,1,3,3,0.737178475155821,3,3,0,-0.6221899862987631,-1.3692693922069101,0,1,False,True,False,True,True,-0.7777877809383008,0.4734153686334912,0.5396192862033105,-0.361192554694208,-0.48440500654340723,-0.4759326310969329,2
-0.11545811418861496,0,-1.5184106901079397,3,14,1,2.125592591656097,1,3,4,1.6896544147858572,0.7269789118453099,4,4,False,False,False,False,False,-0.91750177068831,0.4734153686334912,-1.373924281893535,0.6787860081019612,-0.5082124783560663,0.8490468541395171,1
-0.8446672564324966,1,-0.7158311554183545,4,13,1,0.45949565185576624,1,4,0,-1.8507701537323038,-0.11152040977557812,1,0,False,False,False,False,False,-0.568216796313287,-0.08087027547550221,-0.8955383898693237,0.945447178049697,-0.8152497993348248,-1.2709203222388028,1
-0.6015975423512028,1,0.6799593396939677,5,9,1,-0.8594977588194956,3,0,1,1.1876539162646256,-0.11152040977557812,1,2,True,True,False,True,False,0.7590661063117998,-1.0785844348716902,1.018005178227522,0.14546366820648976,-0.19950599883693687,0.31905506004493706,0
-0.11545811418861496,1,-0.506462581151506,6,20,1,-0.026449288919330263,1,1,2,0.14402130091785403,1.146228572655754,6,2,False,False,False,True,False,0.20021014731176323,0.19627254657899448,-1.373924281893535,0.01213308323262212,-0.270840563825421,0.8490468541395171,1
-0.8446672564324966,1,-0.19240971975123367,6,20,0,0.32065424020573857,4,3,0,0.7781271937867784,-0.11152040977557812,5,4,False,True,False,True,False,0.6193521165617906,0.9168438839206858,-0.41715249784511227,-0.547855373657623,-0.6070442340359243,-0.7409285281442228,2
-0.11545811418861496,1,-0.19240971975123367,3,14,3,-0.23471140639437146,1,4,1,0.9498642064387792,-0.9500197313964661,2,3,False,False,False,True,True,-0.568216796313287,0.8059867550988875,-0.41715249784511227,-0.7078520756262644,-0.3230237308243859,-1.2709203222388028,1
1.8290995984617362,1,0.5403802901827357,1,16,3,-1.8313876403696885,1,1,5,0.011915906570161323,-0.9500197313964661,5,1,True,False,False,True,True,0.20021014731176323,0.14084398216809535,0.5396192862033105,0.0387992002273956,0.21514812277100023,-0.21093673404964292,2
-1.3308066845950846,1,-0.40177829401808185,5,9,2,-0.0958699947443444,0,0,0,1.200864455699395,-0.11152040977557812,1,0,False,False,False,True,False,-0.009360837313250513,0.41798680422259205,0.061233394179099114,0.9187810610549235,-0.6010704034703861,-1.005924425191513,1
1.8290995984617362,0,1.3778545872501289,5,7,0,-1.7619669345446745,1,3,3,0.011915906570161323,0.7269789118453099,7,2,False,False,True,True,False,0.8289231011868045,-1.411155821337086,2.4531628543001562,-1.2945066495112831,0.4360041527969225,2.4390222364232574,0
-0.11545811418861496,0,-0.01793590786219338,0,22,0,0.3900749460307521,0,3,4,1.3990225472209339,0.3077292510348659,1,0,False,True,False,True,True,-0.91750177068831,0.8059867550988875,-0.41715249784511227,0.0387992002273956,0.266892037522499,-1.005924425191513,2
1.5860298843804423,1,-0.4366730563958898,1,21,0,0.25123353438072443,1,4,0,0.011915906570161323,1.146228572655754,2,1,False,False,False,False,False,0.4796381268117816,-0.13629883988640135,-0.8955383898693237,-0.3345264376994343,-0.6066049817884581,2.1740263393759673,1
0.37068131397397286,0,-0.9600944920630108,1,16,1,1.0842820042808898,1,3,2,0.5139164050913936,-1.7885190530173543,6,1,False,False,False,False,False,-0.91750177068831,1.3048438347969817,-0.41715249784511227,1.7187645708981307,-0.5086517306035323,1.644034545281387,1
0.8568207421365607,0,-0.2621992445068495,4,18,1,-0.026449288919330263,0,3,0,0.011915906570161323,1.5654782334661979,5,1,False,False,False,True,False,-0.9873587655633144,-0.41344166194089804,0.061233394179099114,0.8654488270653765,-0.1495190930753021,1.909030442328677,1
-0.6015975423512028,1,-0.8205154425517786,3,14,3,0.737178475155821,1,4,0,1.2669171528732412,-0.11152040977557812,6,4,False,False,False,False,False,-0.4285028065632779,1.027701012742485,-1.373924281893535,1.3721050499660745,-0.5146255611690704,-0.7409285281442228,1
1.0998904562178546,0,-0.8554102049295865,1,16,1,0.737178475155821,1,2,0,0.011915906570161323,-0.11152040977557812,1,4,False,False,False,False,False,-0.7777877809383008,0.6951296262770883,-0.8955383898693237,0.4121248381542255,-0.6798722566657929,1.114042751186807,1
0.6137510280552668,1,-1.2741473534632832,1,21,0,1.7090683567060134,1,4,4,0.011915906570161323,1.146228572655754,6,2,False,False,False,False,False,-0.568216796313287,1.803700914495075,-1.373924281893535,0.9187810610549235,-0.7752778448154156,-0.4759326310969329,1
-0.35852782826990887,1,0.5403802901827357,4,18,2,-1.2760219937695783,3,4,1,0.011915906570161323,-1.7885190530173543,5,3,True,True,False,False,False,0.8289231011868045,0.5288439330443908,1.018005178227522,-0.3345264376994343,-0.33040316858181534,0.05405916299764709,0
-0.35852782826990887,1,-1.7626740267525958,4,4,1,1.361964827580945,1,2,2,-0.9788745510375328,-0.5307700705860221,1,2,False,False,False,False,False,-0.91750177068831,0.3625582398116924,-1.373924281893535,1.26544058198698,-0.8768329644295629,-1.005924425191513,1
0.8568207421365607,0,0.36590647829369544,3,8,1,-1.5537048170696333,3,4,5,0.011915906570161323,0.7269789118453099,5,1,True,False,False,True,True,0.7590661063117998,0.14084398216809535,0.061233394179099114,0.1721297852012637,0.3168789432841338,-0.7409285281442228,2
0.12761159989267895,1,0.7497488644495842,1,16,2,-1.4148634054196056,3,1,3,-1.8507701537323038,-1.7885190530173543,5,2,False,False,True,True,False,-0.568216796313287,-0.08087027547550221,1.4963910702517333,-1.3211727665060566,-0.7668442016640679,-0.21093673404964292,2
-0.11545811418861496,1,-1.169463066329859,1,3,0,1.7090683567060134,0,3,4,-1.1638221031243026,-1.7885190530173543,6,1,False,False,False,False,False,0.5494951216867859,-0.02544171106460258,-1.373924281893535,1.0254455290340179,-0.7601675675025841,0.8490468541395171,1
0.37068131397397286,0,-0.22730448212904159,5,7,2,-0.5123942296944268,3,2,4,0.804548272656317,-1.3692693922069101,0,0,False,False,False,True,False,-0.009360837313250513,1.3048438347969817,-0.41715249784511227,1.1054438800183388,-0.6285675941617599,1.114042751186807,1
1.3429601702991485,1,-0.1575149573734254,5,9,2,-0.23471140639437146,3,1,4,0.011915906570161323,1.146228572655754,5,0,False,True,False,False,True,-0.07921783218825514,0.3625582398116924,-0.41715249784511227,0.7321182420915087,-0.07976583617769575,-0.21093673404964292,2
0.6137510280552668,2,-0.052830670240001314,0,12,3,0.32065424020573857,0,0,1,0.011915906570161323,-1.3692693922069101,8,4,False,False,False,True,True,-0.07921783218825514,-0.08087027547550221,0.061233394179099114,-0.46785702267330215,-0.6756554350901188,1.379038648234097,1
0.12761159989267895,1,-0.08772543261780924,2,11,1,0.32065424020573857,2,4,1,-0.22587380325568496,-0.11152040977557812,0,3,False,True,False,True,True,-0.7079307860632962,0.5288439330443908,-0.41715249784511227,-0.4945231396680759,0.3318135196979791,-0.7409285281442228,2
-0.11545811418861496,1,0.5403802901827357,5,9,1,-0.3735528180443991,4,1,1,1.570759559872934,-1.3692693922069101,5,1,True,False,True,True,False,-0.7777877809383008,-0.41344166194089804,1.018005178227522,0.01213308323262212,-0.5991376935815356,-0.21093673404964292,0
1.0998904562178546,1,-0.4366730563958898,0,12,3,0.5983370635057933,0,2,0,0.011915906570161323,-1.3692693922069101,1,4,False,False,False,True,False,-0.21893182193826424,-0.4688702263517977,-0.41715249784511227,0.8121165930758291,-0.7356572920939792,0.8490468541395171,1
-1.0877369705137905,1,0.5054855278049275,1,2,2,-1.2066012879445644,3,4,5,-1.2166642608633795,-0.11152040977557812,1,0,False,True,True,True,False,0.6892091114367952,-0.19172740429730098,0.061233394179099114,-0.7078520756262644,0.2951798822593117,-1.2709203222388028,0
-1.3308066845950846,0,-0.3319887692624657,3,15,3,-0.44297352386941324,1,2,0,1.716075493655396,-0.11152040977557812,6,0,False,False,False,True,False,-0.28878881681326873,-0.3025845331190993,0.061233394179099114,0.5721215401228673,-0.24764804515921432,-0.7409285281442228,1
-0.11545811418861496,0,0.22632742878246306,4,4,1,-0.3041321122193856,4,4,5,0.038336985439699864,-1.7885190530173543,7,1,True,True,False,True,False,0.6892091114367952,-0.8568701772280927,0.5396192862033105,-0.4945231396680759,-0.24211346684114232,0.5840509570922271,0
-0.6015975423512028,0,1.6221179238947856,1,2,1,-0.5123942296944268,4,3,0,0.9102325881344712,-0.11152040977557812,5,3,True,False,False,True,True,2.0863490089368866,-1.6328700789806836,1.018005178227522,-1.9611595743806225,0.050077128173264214,-1.2709203222388028,0
0.8568207421365607,1,-0.8903049673073946,3,8,1,-0.0958699947443444,0,2,0,0.011915906570161323,1.5654782334661979,7,2,False,False,False,False,False,-0.568216796313287,0.6951296262770883,0.061233394179099114,0.5721215401228673,-0.5116386458863014,0.05405916299764709,1
-0.35852782826990887,1,1.0986964882276649,0,22,1,-0.44297352386941324,3,3,5,-0.9788745510375328,-0.5307700705860221,7,1,False,True,True,False,True,-0.9873587655633144,-1.688298643391583,0.061233394179099114,-0.60118760764717,-0.48352650204847514,0.5840509570922271,3
-0.6015975423512028,2,0.5054855278049275,1,21,3,-0.6512356413444544,4,1,2,-1.9432439297756887,-0.11152040977557812,1,0,True,True,False,True,True,1.4576360550618455,-0.4688702263517977,-0.41715249784511227,0.11879755121171627,-0.5986105908845764,-0.4759326310969329,0
-0.35852782826990887,1,0.29611695353807926,6,20,1,-1.2066012879445644,4,2,5,1.0291274430473942,-0.9500197313964661,2,0,True,True,False,False,False,-0.91750177068831,0.19627254657899448,0.5396192862033105,-0.06786526775169856,-0.4419732394381883,-1.2709203222388028,0
0.6137510280552668,0,-1.7975687891304042,0,1,3,1.500806239230973,1,2,2,0.011915906570161323,1.146228572655754,6,1,False,False,False,False,False,-0.9873587655633144,2.191700865371371,-1.373924281893535,2.01209185784064,-0.8503021286826145,-1.2709203222388028,1
-1.0877369705137905,0,-1.169463066329859,0,22,3,1.9867511800060687,1,0,4,-1.4808750495587648,-0.11152040977557812,4,1,False,False,False,False,False,-0.8476447758133053,0.8059867550988875,-0.8955383898693237,0.30546037017513156,-0.7712367241387281,-0.7409285281442228,1
-0.8446672564324966,1,-0.7158311554183545,4,13,3,-0.16529070056935793,3,3,4,-1.8375596142975348,-0.11152040977557812,6,1,False,False,False,False,False,-0.568216796313287,-0.3025845331190993,-0.8955383898693237,1.26544058198698,-0.6347171256262845,-0.21093673404964292,1
-0.11545811418861496,0,0.05185361689342279,6,5,2,0.5289163576807798,0,4,4,-1.692243680515073,0.3077292510348659,6,2,False,False,False,True,False,0.3399241370617723,0.2517011109898941,0.061233394179099114,0.25212813618558416,-0.30360878148638726,-1.2709203222388028,1
-1.0877369705137905,0,0.8195383892052001,6,20,0,-1.4842841112446195,3,1,5,-0.212663263820916,-0.11152040977557812,1,3,False,False,False,True,True,0.40978113193677695,-0.6351559195844956,0.5396192862033105,-1.4545033514799244,1.1053367274856667,-1.2709203222388028,2
-1.0877369705137905,1,0.4356960030493116,0,1,2,-0.3041321122193856,3,2,3,0.18365291922216215,-0.11152040977557812,3,2,True,True,False,True,True,0.2700671421867677,-1.189441563693489,0.5396192862033105,-0.09453138474647227,-0.4427638934836271,0.05405916299764709,0
-0.11545811418861496,1,0.5752750525605437,1,3,2,-0.6512356413444544,4,1,1,0.5139164050913936,0.7269789118453099,2,2,True,False,False,True,False,-0.009360837313250513,-0.9677273060498914,-0.41715249784511227,-0.17452973573079295,0.3618583734246558,-0.21093673404964292,2
-0.8446672564324966,0,0.7497488644495842,2,10,0,-0.5818149355194403,0,4,5,0.27612669526554673,-0.11152040977557812,1,1,False,False,True,True,True,-0.49835980143828246,-1.189441563693489,1.4963910702517333,-0.014533033762151596,-0.40569100379749373,-1.005924425191513,2
1.5860298843804423,0,-0.6809363930405462,5,9,1,0.1123921227306974,0,0,0,0.011915906570161323,1.146228572655754,6,4,False,False,False,False,False,-0.07921783218825514,0.972272448331585,0.061233394179099114,0.33212648716990506,-0.6554498317066813,0.05405916299764709,1
0.12761159989267895,0,0.4356960030493116,1,2,3,-0.16529070056935793,4,3,1,-0.8467691566898404,-0.9500197313964661,1,1,True,True,False,True,False,-0.009360837313250513,0.2517011109898941,0.5396192862033105,-0.7611843096158116,0.0684378721173445,0.05405916299764709,0
-0.35852782826990887,1,0.7846436268273922,1,2,3,0.1123921227306974,1,2,5,-0.2522948821252235,1.5654782334661979,8,1,True,False,True,True,False,0.1303531524367586,-0.9122987416389923,1.018005178227522,-1.0278454795635474,-0.5330741555626439,0.8490468541395171,0
0.37068131397397286,0,0.8893279139608159,4,18,0,-0.9289184646445092,3,1,1,-0.05413679060368474,-0.5307700705860221,4,4,True,True,False,True,True,1.1083510806868226,-0.02544171106460258,0.5396192862033105,-1.4011711174903776,0.017045359163818333,1.644034545281387,3
-0.6015975423512028,1,0.3310117159158872,6,0,2,-1.1371805821195509,2,4,3,-0.5957689074292246,-0.11152040977557812,8,1,False,False,False,True,False,-0.35864581168827336,0.6397010618661891,0.5396192862033105,-0.921181011584453,-0.0005247307348230664,-0.4759326310969329,1
0.6137510280552668,1,-0.08772543261780924,3,8,3,-0.5123942296944268,1,2,4,0.011915906570161323,-1.3692693922069101,7,1,False,False,False,False,True,-0.28878881681326873,0.7505581906879883,0.5396192862033105,-0.361192554694208,0.17315560791324727,-1.2709203222388028,1
-0.8446672564324966,1,0.40080124067150336,0,22,1,-1.2066012879445644,0,0,5,0.500705865656624,-0.11152040977557812,1,0,False,True,False,False,False,0.06049615756175412,-0.08087027547550221,-0.41715249784511227,-0.8411826606001322,-0.3318966262231999,0.31905506004493706,2
-0.6015975423512028,0,-0.9251997296852027,1,16,1,0.25123353438072443,0,2,0,1.5311279415686265,-0.11152040977557812,0,4,False,False,False,False,False,-0.9873587655633144,-0.02544171106460258,-1.373924281893535,0.22546201919081066,-0.912500246923805,0.05405916299764709,1
-0.35852782826990887,1,-0.506462581151506,3,8,0,0.6677577693308074,0,2,2,-0.6618216046030706,1.984727894276642,7,2,False,False,False,False,False,0.9686370909368134,-0.24715596870820014,-0.8955383898693237,0.35879260416467856,-0.39804801469158474,0.8490468541395171,1
-0.11545811418861496,1,-0.61114686828493,2,11,3,-0.23471140639437146,4,4,4,-0.3447686581686087,-0.11152040977557812,3,4,False,False,False,False,False,-0.35864581168827336,1.5265580924405784,-0.41715249784511227,1.1854422310026593,-0.8533768944148766,0.31905506004493706,1
-1.0877369705137905,1,-1.6230949772413639,3,14,1,2.264434003306124,1,2,4,0.5139164050913936,-0.11152040977557812,4,0,False,False,False,False,False,-0.9873587655633144,1.1385581415642834,-1.373924281893535,1.2121083479974326,-0.5264853718506534,-1.005924425191513,1
-0.35852782826990887,0,0.29611695353807926,1,21,3,-1.7619669345446745,0,2,5,0.6328112600043168,-1.7885190530173543,1,0,False,True,False,False,True,-0.07921783218825514,0.41798680422259205,0.5396192862033105,-0.4945231396680759,0.13915748395937613,-1.005924425191513,2
0.8568207421365607,0,-0.8903049673073946,5,7,2,0.737178475155821,0,1,1,0.011915906570161323,1.146228572655754,3,3,False,False,False,False,False,-0.009360837313250513,0.41798680422259205,-1.373924281893535,0.4921231891385464,-0.6480703939492518,-1.2709203222388028,1
-0.6015975423512028,1,-0.01793590786219338,2,10,3,-0.16529070056935793,0,3,1,-1.863980693167073,-0.11152040977557812,5,2,False,False,False,True,False,0.20021014731176323,0.7505581906879883,-0.41715249784511227,0.14546366820648976,0.3361181917231461,0.5840509570922271,1
-0.11545811418861496,0,1.0986964882276649,0,1,0,0.04297141690568326,0,3,5,0.011915906570161323,1.146228572655754,0,1,False,True,True,False,False,-0.7777877809383008,-1.411155821337086,1.018005178227522,-0.4145247886837552,1.0087012330431389,1.114042751186807,3
-0.6015975423512028,1,-0.2621992445068495,2,10,2,0.5289163576807798,0,1,2,1.1876539162646256,-0.11152040977557812,0,2,False,False,False,True,False,0.40978113193677695,0.41798680422259205,-1.373924281893535,0.8654488270653765,-0.18896394489775212,0.31905506004493706,1
0.6137510280552668,1,0.40080124067150336,5,19,3,-1.2760219937695783,2,3,5,0.011915906570161323,-0.9500197313964661,8,0,True,True,False,False,True,-0.7079307860632962,0.6397010618661891,0.5396192862033105,-0.2545280867151136,-0.1460050750955739,-0.21093673404964292,0
-0.6015975423512028,1,-1.064778779196435,6,20,0,1.7090683567060134,0,4,4,-1.9696650086452272,-0.11152040977557812,6,3,False,False,False,False,False,-0.49835980143828246,0.8059867550988875,-1.373924281893535,1.3454389329713006,-0.7309133678213461,0.5840509570922271,1
